stars,name,full_name,html_url,description,relevance
416927,freeCodeCamp,freeCodeCamp/freeCodeCamp,https://github.com/freeCodeCamp/freeCodeCamp,freeCodeCamp.org's open-source codebase and curriculum. Learn to code for free.,not relevant
373708,build-your-own-x,codecrafters-io/build-your-own-x,https://github.com/codecrafters-io/build-your-own-x,Master programming by recreating your favorite technologies from scratch.,not relevant
357064,awesome,sindresorhus/awesome,https://github.com/sindresorhus/awesome,ğŸ˜ Awesome lists about all kinds of interesting topics,not relevant
355378,free-programming-books,EbookFoundation/free-programming-books,https://github.com/EbookFoundation/free-programming-books,:books: Freely available programming books,not relevant
337400,public-apis,public-apis/public-apis,https://github.com/public-apis/public-apis,A collective list of free APIs,not relevant
315316,coding-interview-university,jwasham/coding-interview-university,https://github.com/jwasham/coding-interview-university,A complete computer science study plan to become a software engineer.,not relevant
314775,developer-roadmap,kamranahmedse/developer-roadmap,https://github.com/kamranahmedse/developer-roadmap,"Interactive roadmaps, guides and other educational content to help developers grow in their careers.",not relevant
296949,system-design-primer,donnemartin/system-design-primer,https://github.com/donnemartin/system-design-primer,Learn how to design large-scale systems. Prep for the system design interview.  Includes Anki flashcards.,not relevant
270531,996.ICU,996icu/996.ICU,https://github.com/996icu/996.ICU,Repo for counting stars and contributing. Press F to pay respect to glorious developers.,not relevant
241142,awesome-python,vinta/awesome-python,https://github.com/vinta/awesome-python,"An opinionated list of awesome Python frameworks, libraries, software and resources.",not relevant
234768,react,facebook/react,https://github.com/facebook/react,The library for web and native user interfaces.,relevant
225578,awesome-selfhosted,awesome-selfhosted/awesome-selfhosted,https://github.com/awesome-selfhosted/awesome-selfhosted,A list of Free Software network services and web applications which can be hosted on your own servers,not relevant
224933,project-based-learning,practical-tutorials/project-based-learning,https://github.com/practical-tutorials/project-based-learning,Curated list of project-based tutorials,not relevant
208743,vue,vuejs/vue,https://github.com/vuejs/vue,"This is the repo for Vue 2. For Vue 3, go to https://github.com/vuejs/core",relevant 
199702,Python,TheAlgorithms/Python,https://github.com/TheAlgorithms/Python,All Algorithms implemented in Python,not relevant
192089,linux,torvalds/linux,https://github.com/torvalds/linux,Linux kernel source tree,relevant
191025,javascript-algorithms,trekhleb/javascript-algorithms,https://github.com/trekhleb/javascript-algorithms,ğŸ“ Algorithms and data structures implemented in JavaScript with explanations and links to further readings,not relevant
189464,tensorflow,tensorflow/tensorflow,https://github.com/tensorflow/tensorflow,An Open Source Machine Learning Framework for Everyone,relevant
181843,You-Dont-Know-JS,getify/You-Dont-Know-JS,https://github.com/getify/You-Dont-Know-JS,A book series (2 published editions) on the JS language.,not relevant
179871,CS-Notes,CyC2018/CS-Notes,https://github.com/CyC2018/CS-Notes,:books: æŠ€æœ¯é¢è¯•å¿…å¤‡åŸºç¡€çŸ¥è¯†ã€Leetcodeã€è®¡ç®—æœºæ“ä½œç³»ç»Ÿã€è®¡ç®—æœºç½‘ç»œã€ç³»ç»Ÿè®¾è®¡,not relevant
178383,computer-science,ossu/computer-science,https://github.com/ossu/computer-science,ğŸ“ Path to a free self-taught education in Computer Science!,not relevant
177845,ohmyzsh,ohmyzsh/ohmyzsh,https://github.com/ohmyzsh/ohmyzsh,"ğŸ™ƒ   A delightful community-driven (with 2,400+ contributors) framework for managing your zsh configuration. Includes 300+ optional plugins (rails, git, macOS, hub, docker, homebrew, node, php, python, etc), 140+ themes to spice up your morning, and an auto-update tool that makes it easy to keep up with the latest updates from the community.",relevant
174673,AutoGPT,Significant-Gravitas/AutoGPT,https://github.com/Significant-Gravitas/AutoGPT,"AutoGPT is the vision of accessible AI for everyone, to use and to build on. Our mission is to provide the tools, so that you can focus on what matters.",relevant
172225,bootstrap,twbs/bootstrap,https://github.com/twbs/bootstrap,"The most popular HTML, CSS, and JavaScript framework for developing responsive, mobile first projects on the web.",relevant
170289,vscode,microsoft/vscode,https://github.com/microsoft/vscode,Visual Studio Code,relevant
169862,flutter,flutter/flutter,https://github.com/flutter/flutter,Flutter makes it easy and fast to build beautiful apps for mobile and beyond,relevant
165926,gitignore,github/gitignore,https://github.com/github/gitignore,A collection of useful .gitignore templates,not relevant
164394,Python-100-Days,jackfrued/Python-100-Days,https://github.com/jackfrued/Python-100-Days,Python - 100å¤©ä»æ–°æ‰‹åˆ°å¤§å¸ˆ,not relevant
163738,the-book-of-secret-knowledge,trimstray/the-book-of-secret-knowledge,https://github.com/trimstray/the-book-of-secret-knowledge,"A collection of inspiring lists, manuals, cheatsheets, blogs, hacks, one-liners, cli/web tools and more.",not relevant
155656,the-art-of-command-line,jlevy/the-art-of-command-line,https://github.com/jlevy/the-art-of-command-line,"Master the command line, in one page",not relevant
151584,stable-diffusion-webui,AUTOMATIC1111/stable-diffusion-webui,https://github.com/AUTOMATIC1111/stable-diffusion-webui,Stable Diffusion web UI,relevant
149291,JavaGuide,Snailclimb/JavaGuide,https://github.com/Snailclimb/JavaGuide,ã€ŒJavaå­¦ä¹ +é¢è¯•æŒ‡å—ã€ä¸€ä»½æ¶µç›–å¤§éƒ¨åˆ† Java ç¨‹åºå‘˜æ‰€éœ€è¦æŒæ¡çš„æ ¸å¿ƒçŸ¥è¯†ã€‚å‡†å¤‡ Java é¢è¯•ï¼Œé¦–é€‰ JavaGuideï¼,not relevant
146574,javascript,airbnb/javascript,https://github.com/airbnb/javascript,JavaScript Style Guide,not relevant
143308,transformers,huggingface/transformers,https://github.com/huggingface/transformers,"ğŸ¤— Transformers: State-of-the-art Machine Learning for Pytorch, TensorFlow, and JAX.",relevant
142256,awesome-go,avelino/awesome-go,https://github.com/avelino/awesome-go,"A curated list of awesome Go frameworks, libraries and software",not relevant
138164,ollama,ollama/ollama,https://github.com/ollama/ollama,"Get up and running with Llama 3.3, DeepSeek-R1, Phi-4, Gemma 3, Mistral Small 3.1 and other large language models.",relevant 
135250,youtube-dl,ytdl-org/youtube-dl,https://github.com/ytdl-org/youtube-dl,Command-line program to download videos from YouTube.com and other video sites,relevant
131885,Microsoft-Activation-Scripts,massgravel/Microsoft-Activation-Scripts,https://github.com/massgravel/Microsoft-Activation-Scripts,"Open-source Windows and Office activator featuring HWID, Ohook, TSforge, KMS38, and Online KMS activation methods, along with advanced troubleshooting.",not relevant
131260,next.js,vercel/next.js,https://github.com/vercel/next.js,The React Framework,relevant
127667,fucking-algorithm,labuladong/fucking-algorithm,https://github.com/labuladong/fucking-algorithm,"åˆ·ç®—æ³•å…¨é å¥—è·¯ï¼Œè®¤å‡† labuladong å°±å¤Ÿäº†ï¼English version supported! Crack LeetCode, not only how, but also why. ",not relevant
127328,go,golang/go,https://github.com/golang/go,The Go programming language,relevant
125570,tech-interview-handbook,yangshun/tech-interview-handbook,https://github.com/yangshun/tech-interview-handbook,ğŸ’¯ Curated coding interview preparation materials for busy software engineers,not relevant
123439,30-seconds-of-code,Chalarangelo/30-seconds-of-code,https://github.com/Chalarangelo/30-seconds-of-code,Coding articles to level up your development skills,not relevant
123290,awesome-chatgpt-prompts,f/awesome-chatgpt-prompts,https://github.com/f/awesome-chatgpt-prompts,This repo includes ChatGPT prompt curation to use ChatGPT and other LLM tools better.,not relevant
121630,react-native,facebook/react-native,https://github.com/facebook/react-native,A framework for building native applications using React,relevant
120951,scrcpy,Genymobile/scrcpy,https://github.com/Genymobile/scrcpy,Display and control your Android device,relevant
117575,PowerToys,microsoft/PowerToys,https://github.com/microsoft/PowerToys,Windows system utilities to maximize productivity,relevant
116481,electron,electron/electron,https://github.com/electron/electron,":electron: Build cross-platform desktop apps with JavaScript, HTML, and CSS",relevant
114588,kubernetes,kubernetes/kubernetes,https://github.com/kubernetes/kubernetes,Production-Grade Container Scheduling and Management,relevant
113426,free-programming-books-zh_CN,justjavac/free-programming-books-zh_CN,https://github.com/justjavac/free-programming-books-zh_CN,:books: å…è´¹çš„è®¡ç®—æœºç¼–ç¨‹ç±»ä¸­æ–‡ä¹¦ç±ï¼Œæ¬¢è¿æŠ•ç¨¿,not relevant
111822,hello-algo,krahets/hello-algo,https://github.com/krahets/hello-algo,"ã€ŠHello ç®—æ³•ã€‹ï¼šåŠ¨ç”»å›¾è§£ã€ä¸€é”®è¿è¡Œçš„æ•°æ®ç»“æ„ä¸ç®—æ³•æ•™ç¨‹ã€‚æ”¯æŒ Python, Java, C++, C, C#, JS, Go, Swift, Rust, Ruby, Kotlin, TS, Dart ä»£ç ã€‚ç®€ä½“ç‰ˆå’Œç¹ä½“ç‰ˆåŒæ­¥æ›´æ–°ï¼ŒEnglish version ongoing",not relevant
110718,node,nodejs/node,https://github.com/nodejs/node,Node.js JavaScript runtime âœ¨ğŸ¢ğŸš€âœ¨,relevant
110426,d3,d3/d3,https://github.com/d3/d3,"Bring data to life with SVG, Canvas and HTML. :bar_chart::chart_with_upwards_trend::tada:",relevant
108767,yt-dlp,yt-dlp/yt-dlp,https://github.com/yt-dlp/yt-dlp,A feature-rich command-line audio/video downloader,relevant
106720,axios,axios/axios,https://github.com/axios/axios,Promise based HTTP client for the browser and node.js,relevant
106123,langchain,langchain-ai/langchain,https://github.com/langchain-ai/langchain,ğŸ¦œğŸ”— Build context-aware reasoning applications,relevant
105825,three.js,mrdoob/three.js,https://github.com/mrdoob/three.js,JavaScript 3D Library.,relevant
104093,TypeScript,microsoft/TypeScript,https://github.com/microsoft/TypeScript,TypeScript is a superset of JavaScript that compiles to clean JavaScript output.,relevant
103156,create-react-app,facebook/create-react-app,https://github.com/facebook/create-react-app,Set up a modern web app by running one command.,relevant
102878,rust,rust-lang/rust,https://github.com/rust-lang/rust,Empowering everyone to build reliable and efficient software.,relevant
102703,deno,denoland/deno,https://github.com/denoland/deno,A modern runtime for JavaScript and TypeScript.,relevant
102406,nodebestpractices,goldbergyoni/nodebestpractices,https://github.com/goldbergyoni/nodebestpractices,:white_check_mark:  The Node.js best practices list (July 2024),not relevant
101751,HelloGitHub,521xueweihan/HelloGitHub,https://github.com/521xueweihan/HelloGitHub,":octocat: åˆ†äº« GitHub ä¸Šæœ‰è¶£ã€å…¥é—¨çº§çš„å¼€æºé¡¹ç›®ã€‚Share interesting, entry-level open source projects on GitHub.",not relevant
98020,excalidraw,excalidraw/excalidraw,https://github.com/excalidraw/excalidraw,Virtual whiteboard for sketching hand-drawn like diagrams,relevant
97774,terminal,microsoft/terminal,https://github.com/microsoft/terminal,"The new Windows Terminal and the original Windows console host, all in the same place!",relevant
97545,angular,angular/angular,https://github.com/angular/angular,Deliver web apps with confidence ğŸš€,relevant
96421,godot,godotengine/godot,https://github.com/godotengine/godot,Godot Engine â€“ Multi-platform 2D and 3D game engine,relevant
95921,DeepSeek-V3,deepseek-ai/DeepSeek-V3,https://github.com/deepseek-ai/DeepSeek-V3,,unsure
95404,material-ui,mui/material-ui,https://github.com/mui/material-ui,Material UI: Comprehensive React component library that implements Google's Material Design. Free forever.,relevant
94891,free-for-dev,ripienaar/free-for-dev,https://github.com/ripienaar/free-for-dev,"A list of SaaS, PaaS and IaaS offerings that have free tiers of interest to devops and infradev",not relevant
94346,ant-design,ant-design/ant-design,https://github.com/ant-design/ant-design,An enterprise-class UI design language and React UI library,relevant
93331,dify,langgenius/dify,https://github.com/langgenius/dify,"Dify is an open-source LLM app development platform. Dify's intuitive interface combines AI workflow, RAG pipeline, agent capabilities, model management, observability features and more, letting you quickly go from prototype to production.",relevant
92934,frp,fatedier/frp,https://github.com/fatedier/frp,A fast reverse proxy to help you expose a local server behind a NAT or firewall to the internet.,relevant
92824,clean-code-javascript,ryanmcdermott/clean-code-javascript,https://github.com/ryanmcdermott/clean-code-javascript,Clean Code concepts adapted for JavaScript,not relevant
92610,iptv,iptv-org/iptv,https://github.com/iptv-org/iptv,Collection of publicly available IPTV channels from all over the world,not relevant
92508,papers-we-love,papers-we-love/papers-we-love,https://github.com/papers-we-love/papers-we-love,Papers from the computer science community to read and discuss.,not relevant
91709,tauri,tauri-apps/tauri,https://github.com/tauri-apps/tauri,"Build smaller, faster, and more secure desktop and mobile applications with a web frontend.",relevant
91544,thefuck,nvbn/thefuck,https://github.com/nvbn/thefuck,Magnificent app which corrects your previous console command.,relevant
91541,Awesome-Hacking,Hack-with-Github/Awesome-Hacking,https://github.com/Hack-with-Github/Awesome-Hacking,"A collection of various awesome lists for hackers, pentesters and security researchers",not relevant
91342,java-design-patterns,iluwatar/java-design-patterns,https://github.com/iluwatar/java-design-patterns,Design patterns implemented in Java,not relevant
90701,open-webui,open-webui/open-webui,https://github.com/open-webui/open-webui,"User-friendly AI Interface (Supports Ollama, OpenAI API, ...)",relevant
90447,puppeteer,puppeteer/puppeteer,https://github.com/puppeteer/puppeteer,JavaScript API for Chrome and Firefox,relevant
89253,pytorch,pytorch/pytorch,https://github.com/pytorch/pytorch,Tensors and Dynamic neural networks in Python with strong GPU acceleration,relevant
89164,vue-element-admin,PanJiaChen/vue-element-admin,https://github.com/PanJiaChen/vue-element-admin,:tada: A magical vue admin                                                                https://panjiachen.github.io/vue-element-admin,relevant
88845,neovim,neovim/neovim,https://github.com/neovim/neovim,Vim-fork focused on extensibility and usability,relevant
88714,DeepSeek-R1,deepseek-ai/DeepSeek-R1,https://github.com/deepseek-ai/DeepSeek-R1,,unsure
87427,Web-Dev-For-Beginners,microsoft/Web-Dev-For-Beginners,https://github.com/microsoft/Web-Dev-For-Beginners,"24 Lessons, 12 Weeks, Get Started as a Web Developer",not relevant
87301,tailwindcss,tailwindlabs/tailwindcss,https://github.com/tailwindlabs/tailwindcss,A utility-first CSS framework for rapid UI development.,relevant
87165,rustdesk,rustdesk/rustdesk,https://github.com/rustdesk/rustdesk,"An open-source remote desktop application designed for self-hosting, as an alternative to TeamViewer.",relevant
86930,every-programmer-should-know,mtdvio/every-programmer-should-know,https://github.com/mtdvio/every-programmer-should-know,A collection of (mostly) technical things every software developer should know about,not relevant
86438,storybook,storybookjs/storybook,https://github.com/storybookjs/storybook,"Storybook is the industry standard workshop for building, documenting, and testing UI components in isolation",relevant
85730,ui,shadcn-ui/ui,https://github.com/shadcn-ui/ui,"A set of beautifully-designed, accessible components and a code distribution platform. Works with your favorite frameworks. Open Source. Open Code.",relevant
84392,n8n,n8n-io/n8n,https://github.com/n8n-io/n8n,"Fair-code workflow automation platform with native AI capabilities. Combine visual building with custom code, self-host or cloud, 400+ integrations.",relevant
84088,nvm,nvm-sh/nvm,https://github.com/nvm-sh/nvm,Node Version Manager - POSIX-compliant bash script to manage multiple active node.js versions,relevant
83586,fastapi,fastapi/fastapi,https://github.com/fastapi/fastapi,"FastAPI framework, high performance, easy to learn, fast to code, ready for production",relevant
83249,django,django/django,https://github.com/django/django,The Web framework for perfectionists with deadlines.,relevant
82999,bitcoin,bitcoin/bitcoin,https://github.com/bitcoin/bitcoin,Bitcoin Core integration/staging tree,relevant
82987,app-ideas,florinpop17/app-ideas,https://github.com/florinpop17/app-ideas,A Collection of application ideas which can be used to improve your coding skills.,not relevant
82911,NextChat,ChatGPTNextWeb/NextChat,https://github.com/ChatGPTNextWeb/NextChat,âœ¨ Light and Fast AI Assistant. Support: Web | iOS | MacOS | Android |  Linux | Windows,relevant
82331,svelte,sveltejs/svelte,https://github.com/sveltejs/svelte,web development for the rest of us,relevant
82187,awesome-mac,jaywcjlove/awesome-mac,https://github.com/jaywcjlove/awesome-mac,"ï£¿ Now we have become very big, Different from the original idea. Collect premium software in various categories.",not relevant
81849,gin,gin-gonic/gin,https://github.com/gin-gonic/gin,"Gin is a HTTP web framework written in Go (Golang). It features a Martini-like API with much better performance -- up to 40 times faster. If you need smashing performance, get yourself some Gin.",relevant
81805,opencv,opencv/opencv,https://github.com/opencv/opencv,Open Source Computer Vision Library,relevant
81605,animate.css,animate-css/animate.css,https://github.com/animate-css/animate.css,ğŸ¿ A cross-browser library of CSS animations. As easy to use as an easy thing.,relevant
81468,realworld,gothinkster/realworld,https://github.com/gothinkster/realworld,"""The mother of all demo apps"" â€” Exemplary fullstack Medium.com clone powered by React, Angular, Node, Django, and many more",relevant
81276,supabase,supabase/supabase,https://github.com/supabase/supabase,"The open source Firebase alternative. Supabase gives you a dedicated Postgres database to build your web, mobile, and AI applications.",relevant
80655,laravel,laravel/laravel,https://github.com/laravel/laravel,"Laravel is a web application framework with expressive, elegant syntax. Weâ€™ve already laid the foundation for your next big idea â€” freeing you to create without sweating the small things.",relevant
80446,whisper,openai/whisper,https://github.com/openai/whisper,Robust Speech Recognition via Large-Scale Weak Supervision,relevant
80004,mall,macrozheng/mall,https://github.com/macrozheng/mall,mallé¡¹ç›®æ˜¯ä¸€å¥—ç”µå•†ç³»ç»Ÿï¼ŒåŒ…æ‹¬å‰å°å•†åŸç³»ç»ŸåŠåå°ç®¡ç†ç³»ç»Ÿï¼ŒåŸºäºSpring Boot+MyBatiså®ç°ï¼Œé‡‡ç”¨Dockerå®¹å™¨åŒ–éƒ¨ç½²ã€‚ å‰å°å•†åŸç³»ç»ŸåŒ…å«é¦–é¡µé—¨æˆ·ã€å•†å“æ¨èã€å•†å“æœç´¢ã€å•†å“å±•ç¤ºã€è´­ç‰©è½¦ã€è®¢å•æµç¨‹ã€ä¼šå‘˜ä¸­å¿ƒã€å®¢æˆ·æœåŠ¡ã€å¸®åŠ©ä¸­å¿ƒç­‰æ¨¡å—ã€‚ åå°ç®¡ç†ç³»ç»ŸåŒ…å«å•†å“ç®¡ç†ã€è®¢å•ç®¡ç†ã€ä¼šå‘˜ç®¡ç†ã€ä¿ƒé”€ç®¡ç†ã€è¿è¥ç®¡ç†ã€å†…å®¹ç®¡ç†ã€ç»Ÿè®¡æŠ¥è¡¨ã€è´¢åŠ¡ç®¡ç†ã€æƒé™ç®¡ç†ã€è®¾ç½®ç­‰æ¨¡å—ã€‚,relevant
79733,hugo,gohugoio/hugo,https://github.com/gohugoio/hugo,The worldâ€™s fastest framework for building websites.,relevant
79495,HowToCook,Anduin2017/HowToCook,https://github.com/Anduin2017/HowToCook,ç¨‹åºå‘˜åœ¨å®¶åšé¥­æ–¹æ³•æŒ‡å—ã€‚Programmer's guide about how to cook at home (Simplified Chinese only).,not relevant
78781,FiraCode,tonsky/FiraCode,https://github.com/tonsky/FiraCode,Free monospaced font with programming ligatures,relevant
78723,generative-ai-for-beginners,microsoft/generative-ai-for-beginners,https://github.com/microsoft/generative-ai-for-beginners,"21 Lessons, Get Started Building with Generative AI  ğŸ”— https://microsoft.github.io/generative-ai-for-beginners/",not relevant
78565,llama.cpp,ggml-org/llama.cpp,https://github.com/ggml-org/llama.cpp,LLM inference in C/C++,relevant
78463,v2rayN,2dust/v2rayN,https://github.com/2dust/v2rayN,"A GUI client for Windows, Linux and macOS, support Xray and sing-box and others",relevant
78427,mermaid,mermaid-js/mermaid,https://github.com/mermaid-js/mermaid,Generation of diagrams like flowcharts or sequence diagrams from text in a similar manner as markdown,relevant
78194,core,home-assistant/core,https://github.com/home-assistant/core,:house_with_garden: Open source home automation that puts local control and privacy first.,relevant
77603,bun,oven-sh/bun,https://github.com/oven-sh/bun,"Incredibly fast JavaScript runtime, bundler, test runner, and package manager â€“ all in one",relevant
77499,models,tensorflow/models,https://github.com/tensorflow/models,Models and examples built with TensorFlow,not relevant
77483,advanced-java,doocs/advanced-java,https://github.com/doocs/advanced-java,ğŸ˜® Core Interview Questions & Answers For Experienced Java(Backend) Developers | äº’è”ç½‘ Java å·¥ç¨‹å¸ˆè¿›é˜¶çŸ¥è¯†å®Œå…¨æ‰«ç›²ï¼šæ¶µç›–é«˜å¹¶å‘ã€åˆ†å¸ƒå¼ã€é«˜å¯ç”¨ã€å¾®æœåŠ¡ã€æµ·é‡æ•°æ®å¤„ç†ç­‰é¢†åŸŸçŸ¥è¯†,not relevant
76918,manim,3b1b/manim,https://github.com/3b1b/manim,Animation engine for explanatory math videos,relevant
76859,spring-boot,spring-projects/spring-boot,https://github.com/spring-projects/spring-boot,"Spring Boot helps you to create Spring-powered, production-grade applications and services with absolute minimum fuss.",relevant
75847,LeetCodeAnimation,MisterBooo/LeetCodeAnimation,https://github.com/MisterBooo/LeetCodeAnimation,Demonstrate all the questions on LeetCode in the form of animation.ï¼ˆç”¨åŠ¨ç”»çš„å½¢å¼å‘ˆç°è§£LeetCodeé¢˜ç›®çš„æ€è·¯ï¼‰,not relevant
74966,Font-Awesome,FortAwesome/Font-Awesome,https://github.com/FortAwesome/Font-Awesome,"The iconic SVG, font, and CSS toolkit",relevant
74900,ComfyUI,comfyanonymous/ComfyUI,https://github.com/comfyanonymous/ComfyUI,"The most powerful and modular diffusion model GUI, api and backend with a graph/nodes interface.",relevant
74446,awesome-interview-questions,DopplerHQ/awesome-interview-questions,https://github.com/DopplerHQ/awesome-interview-questions,:octocat: A curated awesome list of lists of interview questions. Feel free to contribute! :mortar_board:,not relevant
74332,netdata,netdata/netdata,https://github.com/netdata/netdata,X-Ray Vision for your infrastructure!,relevant
74111,devops-exercises,bregman-arie/devops-exercises,https://github.com/bregman-arie/devops-exercises,"Linux, Jenkins, AWS, SRE, Prometheus, Docker, Python, Ansible, Git, Kubernetes, Terraform, OpenStack, SQL, NoSQL, Azure, GCP, DNS, Elastic, Network, Virtualization. DevOps Interview Questions",not relevant
74077,json-server,typicode/json-server,https://github.com/typicode/json-server,Get a full fake REST API with zero coding in less than 30 seconds (seriously),relevant
73366,awesome-for-beginners,MunGell/awesome-for-beginners,https://github.com/MunGell/awesome-for-beginners,A list of awesome beginners-friendly projects.,not relevant
73157,gpt4all,nomic-ai/gpt4all,https://github.com/nomic-ai/gpt4all,GPT4All: Run Local LLMs on Any Device. Open-source and available for commercial use.,relevant
72805,awesome-vue,vuejs/awesome-vue,https://github.com/vuejs/awesome-vue,ğŸ‰ A curated list of awesome things related to Vue.js,not relevant
72709,github-readme-stats,anuraghazra/github-readme-stats,https://github.com/anuraghazra/github-readme-stats,:zap: Dynamically generated stats for your github readmes,relevant
72599,funNLP,fighting41love/funNLP,https://github.com/fighting41love/funNLP,"ä¸­è‹±æ–‡æ•æ„Ÿè¯ã€è¯­è¨€æ£€æµ‹ã€ä¸­å¤–æ‰‹æœº/ç”µè¯å½’å±åœ°/è¿è¥å•†æŸ¥è¯¢ã€åå­—æ¨æ–­æ€§åˆ«ã€æ‰‹æœºå·æŠ½å–ã€èº«ä»½è¯æŠ½å–ã€é‚®ç®±æŠ½å–ã€ä¸­æ—¥æ–‡äººååº“ã€ä¸­æ–‡ç¼©å†™åº“ã€æ‹†å­—è¯å…¸ã€è¯æ±‡æƒ…æ„Ÿå€¼ã€åœç”¨è¯ã€ååŠ¨è¯è¡¨ã€æš´æè¯è¡¨ã€ç¹ç®€ä½“è½¬æ¢ã€è‹±æ–‡æ¨¡æ‹Ÿä¸­æ–‡å‘éŸ³ã€æ±ªå³°æ­Œè¯ç”Ÿæˆå™¨ã€èŒä¸šåç§°è¯åº“ã€åŒä¹‰è¯åº“ã€åä¹‰è¯åº“ã€å¦å®šè¯åº“ã€æ±½è½¦å“ç‰Œè¯åº“ã€æ±½è½¦é›¶ä»¶è¯åº“ã€è¿ç»­è‹±æ–‡åˆ‡å‰²ã€å„ç§ä¸­æ–‡è¯å‘é‡ã€å…¬å¸åå­—å¤§å…¨ã€å¤è¯—è¯åº“ã€ITè¯åº“ã€è´¢ç»è¯åº“ã€æˆè¯­è¯åº“ã€åœ°åè¯åº“ã€å†å²åäººè¯åº“ã€è¯—è¯è¯åº“ã€åŒ»å­¦è¯åº“ã€é¥®é£Ÿè¯åº“ã€æ³•å¾‹è¯åº“ã€æ±½è½¦è¯åº“ã€åŠ¨ç‰©è¯åº“ã€ä¸­æ–‡èŠå¤©è¯­æ–™ã€ä¸­æ–‡è°£è¨€æ•°æ®ã€ç™¾åº¦ä¸­æ–‡é—®ç­”æ•°æ®é›†ã€å¥å­ç›¸ä¼¼åº¦åŒ¹é…ç®—æ³•é›†åˆã€bertèµ„æºã€æ–‡æœ¬ç”Ÿæˆ&æ‘˜è¦ç›¸å…³å·¥å…·ã€cocoNLPä¿¡æ¯æŠ½å–å·¥å…·ã€å›½å†…ç”µè¯å·ç æ­£åˆ™åŒ¹é…ã€æ¸…åå¤§å­¦XLORE:ä¸­è‹±æ–‡è·¨è¯­è¨€ç™¾ç§‘çŸ¥è¯†å›¾è°±ã€æ¸…åå¤§å­¦äººå·¥æ™ºèƒ½æŠ€æœ¯ç³»åˆ—æŠ¥å‘Šã€è‡ªç„¶è¯­è¨€ç”Ÿæˆã€NLUå¤ªéš¾äº†ç³»åˆ—ã€è‡ªåŠ¨å¯¹è”æ•°æ®åŠæœºå™¨äººã€ç”¨æˆ·åé»‘åå•åˆ—è¡¨ã€ç½ªåæ³•åŠ¡åè¯åŠåˆ†ç±»æ¨¡å‹ã€å¾®ä¿¡å…¬ä¼—å·è¯­æ–™ã€cs224næ·±åº¦å­¦ä¹ è‡ªç„¶è¯­è¨€å¤„ç†è¯¾ç¨‹ã€ä¸­æ–‡æ‰‹å†™æ±‰å­—è¯†åˆ«ã€ä¸­æ–‡è‡ªç„¶è¯­è¨€å¤„ç† è¯­æ–™/æ•°æ®é›†ã€å˜é‡å‘½åç¥å™¨ã€åˆ†è¯è¯­æ–™åº“+ä»£ç ã€ä»»åŠ¡å‹å¯¹è¯è‹±æ–‡æ•°æ®é›†ã€ASR è¯­éŸ³æ•°æ®é›† + åŸºäºæ·±åº¦å­¦ä¹ çš„ä¸­æ–‡è¯­éŸ³è¯†åˆ«ç³»ç»Ÿã€ç¬‘å£°æ£€æµ‹å™¨ã€Microsoftå¤šè¯­è¨€æ•°å­—/å•ä½/å¦‚æ—¥æœŸæ—¶é—´è¯†åˆ«åŒ…ã€ä¸­åæ–°åå­—å…¸æ•°æ®åº“åŠapi(åŒ…æ‹¬å¸¸ç”¨æ­‡åè¯­ã€æˆè¯­ã€è¯è¯­å’Œæ±‰å­—)ã€æ–‡æ¡£å›¾è°±è‡ªåŠ¨ç”Ÿæˆã€SpaCy ä¸­æ–‡æ¨¡å‹ã€Common Voiceè¯­éŸ³è¯†åˆ«æ•°æ®é›†æ–°ç‰ˆã€ç¥ç»ç½‘ç»œå…³ç³»æŠ½å–ã€åŸºäºbertçš„å‘½åå®ä½“è¯†åˆ«ã€å…³é”®è¯(Keyphrase)æŠ½å–åŒ…pkeã€åŸºäºåŒ»ç–—é¢†åŸŸçŸ¥è¯†å›¾è°±çš„é—®ç­”ç³»ç»Ÿã€åŸºäºä¾å­˜å¥æ³•ä¸è¯­ä¹‰è§’è‰²æ ‡æ³¨çš„äº‹ä»¶ä¸‰å…ƒç»„æŠ½å–ã€ä¾å­˜å¥æ³•åˆ†æ4ä¸‡å¥é«˜è´¨é‡æ ‡æ³¨æ•°æ®ã€cnocrï¼šç”¨æ¥åšä¸­æ–‡OCRçš„Python3åŒ…ã€ä¸­æ–‡äººç‰©å…³ç³»çŸ¥è¯†å›¾è°±é¡¹ç›®ã€ä¸­æ–‡nlpç«èµ›é¡¹ç›®åŠä»£ç æ±‡æ€»ã€ä¸­æ–‡å­—ç¬¦æ•°æ®ã€speech-aligner: ä»â€œäººå£°è¯­éŸ³â€åŠå…¶â€œè¯­è¨€æ–‡æœ¬â€äº§ç”ŸéŸ³ç´ çº§åˆ«æ—¶é—´å¯¹é½æ ‡æ³¨çš„å·¥å…·ã€AmpliGraph: çŸ¥è¯†å›¾è°±è¡¨ç¤ºå­¦ä¹ (Python)åº“ï¼šçŸ¥è¯†å›¾è°±æ¦‚å¿µé“¾æ¥é¢„æµ‹ã€Scattertext æ–‡æœ¬å¯è§†åŒ–(python)ã€è¯­è¨€/çŸ¥è¯†è¡¨ç¤ºå·¥å…·ï¼šBERT & ERNIEã€ä¸­æ–‡å¯¹æ¯”è‹±æ–‡è‡ªç„¶è¯­è¨€å¤„ç†NLPçš„åŒºåˆ«ç»¼è¿°ã€Synonymsä¸­æ–‡è¿‘ä¹‰è¯å·¥å…·åŒ…ã€HarvestTexté¢†åŸŸè‡ªé€‚åº”æ–‡æœ¬æŒ–æ˜å·¥å…·ï¼ˆæ–°è¯å‘ç°-æƒ…æ„Ÿåˆ†æ-å®ä½“é“¾æ¥ç­‰ï¼‰ã€word2wordï¼š(Python)æ–¹ä¾¿æ˜“ç”¨çš„å¤šè¯­è¨€è¯-è¯å¯¹é›†ï¼š62ç§è¯­è¨€/3,564ä¸ªå¤šè¯­è¨€å¯¹ã€è¯­éŸ³è¯†åˆ«è¯­æ–™ç”Ÿæˆå·¥å…·ï¼šä»å…·æœ‰éŸ³é¢‘/å­—å¹•çš„åœ¨çº¿è§†é¢‘åˆ›å»ºè‡ªåŠ¨è¯­éŸ³è¯†åˆ«(ASR)è¯­æ–™åº“ã€æ„å»ºåŒ»ç–—å®ä½“è¯†åˆ«çš„æ¨¡å‹ï¼ˆåŒ…å«è¯å…¸å’Œè¯­æ–™æ ‡æ³¨ï¼‰ã€å•æ–‡æ¡£éç›‘ç£çš„å…³é”®è¯æŠ½å–ã€Kashgariä¸­ä½¿ç”¨gpt-2è¯­è¨€æ¨¡å‹ã€å¼€æºçš„é‡‘èæŠ•èµ„æ•°æ®æå–å·¥å…·ã€æ–‡æœ¬è‡ªåŠ¨æ‘˜è¦åº“TextTeaser: ä»…æ”¯æŒè‹±æ–‡ã€äººæ°‘æ—¥æŠ¥è¯­æ–™å¤„ç†å·¥å…·é›†ã€ä¸€äº›å…³äºè‡ªç„¶è¯­è¨€çš„åŸºæœ¬æ¨¡å‹ã€åŸºäº14Wæ­Œæ›²çŸ¥è¯†åº“çš„é—®ç­”å°è¯•--åŠŸèƒ½åŒ…æ‹¬æ­Œè¯æ¥é¾™andå·²çŸ¥æ­Œè¯æ‰¾æ­Œæ›²ä»¥åŠæ­Œæ›²æ­Œæ‰‹æ­Œè¯ä¸‰è§’å…³ç³»çš„é—®ç­”ã€åŸºäºSiamese bilstmæ¨¡å‹çš„ç›¸ä¼¼å¥å­åˆ¤å®šæ¨¡å‹å¹¶æä¾›è®­ç»ƒæ•°æ®é›†å’Œæµ‹è¯•æ•°æ®é›†ã€ç”¨Transformerç¼–è§£ç æ¨¡å‹å®ç°çš„æ ¹æ®Hacker Newsæ–‡ç« æ ‡é¢˜è‡ªåŠ¨ç”Ÿæˆè¯„è®ºã€ç”¨BERTè¿›è¡Œåºåˆ—æ ‡è®°å’Œæ–‡æœ¬åˆ†ç±»çš„æ¨¡æ¿ä»£ç ã€LitBankï¼šNLPæ•°æ®é›†â€”â€”æ”¯æŒè‡ªç„¶è¯­è¨€å¤„ç†å’Œè®¡ç®—äººæ–‡å­¦ç§‘ä»»åŠ¡çš„100éƒ¨å¸¦æ ‡è®°è‹±æ–‡å°è¯´è¯­æ–™ã€ç™¾åº¦å¼€æºçš„åŸºå‡†ä¿¡æ¯æŠ½å–ç³»ç»Ÿã€è™šå‡æ–°é—»æ•°æ®é›†ã€Facebook: LAMAè¯­è¨€æ¨¡å‹åˆ†æï¼Œæä¾›Transformer-XL/BERT/ELMo/GPTé¢„è®­ç»ƒè¯­è¨€æ¨¡å‹çš„ç»Ÿä¸€è®¿é—®æ¥å£ã€CommonsenseQAï¼šé¢å‘å¸¸è¯†çš„è‹±æ–‡QAæŒ‘æˆ˜ã€ä¸­æ–‡çŸ¥è¯†å›¾è°±èµ„æ–™ã€æ•°æ®åŠå·¥å…·ã€å„å¤§å…¬å¸å†…éƒ¨é‡Œå¤§ç‰›åˆ†äº«çš„æŠ€æœ¯æ–‡æ¡£ PDF æˆ–è€… PPTã€è‡ªç„¶è¯­è¨€ç”ŸæˆSQLè¯­å¥ï¼ˆè‹±æ–‡ï¼‰ã€ä¸­æ–‡NLPæ•°æ®å¢å¼ºï¼ˆEDAï¼‰å·¥å…·ã€è‹±æ–‡NLPæ•°æ®å¢å¼ºå·¥å…· ã€åŸºäºåŒ»è¯çŸ¥è¯†å›¾è°±çš„æ™ºèƒ½é—®ç­”ç³»ç»Ÿã€äº¬ä¸œå•†å“çŸ¥è¯†å›¾è°±ã€åŸºäºmongodbå­˜å‚¨çš„å†›äº‹é¢†åŸŸçŸ¥è¯†å›¾è°±é—®ç­”é¡¹ç›®ã€åŸºäºè¿œç›‘ç£çš„ä¸­æ–‡å…³ç³»æŠ½å–ã€è¯­éŸ³æƒ…æ„Ÿåˆ†æã€ä¸­æ–‡ULMFiT-æƒ…æ„Ÿåˆ†æ-æ–‡æœ¬åˆ†ç±»-è¯­æ–™åŠæ¨¡å‹ã€ä¸€ä¸ªæ‹ç…§åšé¢˜ç¨‹åºã€ä¸–ç•Œå„å›½å¤§è§„æ¨¡äººååº“ã€ä¸€ä¸ªåˆ©ç”¨æœ‰è¶£ä¸­æ–‡è¯­æ–™åº“ qingyun è®­ç»ƒå‡ºæ¥çš„ä¸­æ–‡èŠå¤©æœºå™¨äººã€ä¸­æ–‡èŠå¤©æœºå™¨äººseqGANã€çœå¸‚åŒºé•‡è¡Œæ”¿åŒºåˆ’æ•°æ®å¸¦æ‹¼éŸ³æ ‡æ³¨ã€æ•™è‚²è¡Œä¸šæ–°é—»è¯­æ–™åº“åŒ…å«è‡ªåŠ¨æ–‡æ‘˜åŠŸèƒ½ã€å¼€æ”¾äº†å¯¹è¯æœºå™¨äºº-çŸ¥è¯†å›¾è°±-è¯­ä¹‰ç†è§£-è‡ªç„¶è¯­è¨€å¤„ç†å·¥å…·åŠæ•°æ®ã€ä¸­æ–‡çŸ¥è¯†å›¾è°±ï¼šåŸºäºç™¾åº¦ç™¾ç§‘ä¸­æ–‡é¡µé¢-æŠ½å–ä¸‰å…ƒç»„ä¿¡æ¯-æ„å»ºä¸­æ–‡çŸ¥è¯†å›¾è°±ã€masr: ä¸­æ–‡è¯­éŸ³è¯†åˆ«-æä¾›é¢„è®­ç»ƒæ¨¡å‹-é«˜è¯†åˆ«ç‡ã€PythonéŸ³é¢‘æ•°æ®å¢å¹¿åº“ã€ä¸­æ–‡å…¨è¯è¦†ç›–BERTåŠä¸¤ä»½é˜…è¯»ç†è§£æ•°æ®ã€ConvLabï¼šå¼€æºå¤šåŸŸç«¯åˆ°ç«¯å¯¹è¯ç³»ç»Ÿå¹³å°ã€ä¸­æ–‡è‡ªç„¶è¯­è¨€å¤„ç†æ•°æ®é›†ã€åŸºäºæœ€æ–°ç‰ˆæœ¬rasaæ­å»ºçš„å¯¹è¯ç³»ç»Ÿã€åŸºäºTensorFlowå’ŒBERTçš„ç®¡é“å¼å®ä½“åŠå…³ç³»æŠ½å–ã€ä¸€ä¸ªå°å‹çš„è¯åˆ¸çŸ¥è¯†å›¾è°±/çŸ¥è¯†åº“ã€å¤ç›˜æ‰€æœ‰NLPæ¯”èµ›çš„TOPæ–¹æ¡ˆã€OpenCLaPï¼šå¤šé¢†åŸŸå¼€æºä¸­æ–‡é¢„è®­ç»ƒè¯­è¨€æ¨¡å‹ä»“åº“ã€UERï¼šåŸºäºä¸åŒè¯­æ–™+ç¼–ç å™¨+ç›®æ ‡ä»»åŠ¡çš„ä¸­æ–‡é¢„è®­ç»ƒæ¨¡å‹ä»“åº“ã€ä¸­æ–‡è‡ªç„¶è¯­è¨€å¤„ç†å‘é‡åˆé›†ã€åŸºäºé‡‘è-å¸æ³•é¢†åŸŸ(å…¼æœ‰é—²èŠæ€§è´¨)çš„èŠå¤©æœºå™¨äººã€g2pCï¼šåŸºäºä¸Šä¸‹æ–‡çš„æ±‰è¯­è¯»éŸ³è‡ªåŠ¨æ ‡è®°æ¨¡å—ã€Zincbase çŸ¥è¯†å›¾è°±æ„å»ºå·¥å…·åŒ…ã€è¯—æ­Œè´¨é‡è¯„ä»·/ç»†ç²’åº¦æƒ…æ„Ÿè¯—æ­Œè¯­æ–™åº“ã€å¿«é€Ÿè½¬åŒ–ã€Œä¸­æ–‡æ•°å­—ã€å’Œã€Œé˜¿æ‹‰ä¼¯æ•°å­—ã€ã€ç™¾åº¦çŸ¥é“é—®ç­”è¯­æ–™åº“ã€åŸºäºçŸ¥è¯†å›¾è°±çš„é—®ç­”ç³»ç»Ÿã€jieba_fast åŠ é€Ÿç‰ˆçš„jiebaã€æ­£åˆ™è¡¨è¾¾å¼æ•™ç¨‹ã€ä¸­æ–‡é˜…è¯»ç†è§£æ•°æ®é›†ã€åŸºäºBERTç­‰æœ€æ–°è¯­è¨€æ¨¡å‹çš„æŠ½å–å¼æ‘˜è¦æå–ã€Pythonåˆ©ç”¨æ·±åº¦å­¦ä¹ è¿›è¡Œæ–‡æœ¬æ‘˜è¦çš„ç»¼åˆæŒ‡å—ã€çŸ¥è¯†å›¾è°±æ·±åº¦å­¦ä¹ ç›¸å…³èµ„æ–™æ•´ç†ã€ç»´åŸºå¤§è§„æ¨¡å¹³è¡Œæ–‡æœ¬è¯­æ–™ã€StanfordNLP 0.2.0ï¼šçº¯Pythonç‰ˆè‡ªç„¶è¯­è¨€å¤„ç†åŒ…ã€NeuralNLP-NeuralClassifierï¼šè…¾è®¯å¼€æºæ·±åº¦å­¦ä¹ æ–‡æœ¬åˆ†ç±»å·¥å…·ã€ç«¯åˆ°ç«¯çš„å°é—­åŸŸå¯¹è¯ç³»ç»Ÿã€ä¸­æ–‡å‘½åå®ä½“è¯†åˆ«ï¼šNeuroNER vs. BertNERã€æ–°é—»äº‹ä»¶çº¿ç´¢æŠ½å–ã€2019å¹´ç™¾åº¦çš„ä¸‰å…ƒç»„æŠ½å–æ¯”èµ›ï¼šâ€œç§‘å­¦ç©ºé—´é˜Ÿâ€æºç ã€åŸºäºä¾å­˜å¥æ³•çš„å¼€æ”¾åŸŸæ–‡æœ¬çŸ¥è¯†ä¸‰å…ƒç»„æŠ½å–å’ŒçŸ¥è¯†åº“æ„å»ºã€ä¸­æ–‡çš„GPT2è®­ç»ƒä»£ç ã€ML-NLP - æœºå™¨å­¦ä¹ (Machine Learning)NLPé¢è¯•ä¸­å¸¸è€ƒåˆ°çš„çŸ¥è¯†ç‚¹å’Œä»£ç å®ç°ã€nlp4han:ä¸­æ–‡è‡ªç„¶è¯­è¨€å¤„ç†å·¥å…·é›†(æ–­å¥/åˆ†è¯/è¯æ€§æ ‡æ³¨/ç»„å—/å¥æ³•åˆ†æ/è¯­ä¹‰åˆ†æ/NER/Nå…ƒè¯­æ³•/HMM/ä»£è¯æ¶ˆè§£/æƒ…æ„Ÿåˆ†æ/æ‹¼å†™æ£€æŸ¥ã€XLMï¼šFacebookçš„è·¨è¯­è¨€é¢„è®­ç»ƒè¯­è¨€æ¨¡å‹ã€ç”¨åŸºäºBERTçš„å¾®è°ƒå’Œç‰¹å¾æå–æ–¹æ³•æ¥è¿›è¡ŒçŸ¥è¯†å›¾è°±ç™¾åº¦ç™¾ç§‘äººç‰©è¯æ¡å±æ€§æŠ½å–ã€ä¸­æ–‡è‡ªç„¶è¯­è¨€å¤„ç†ç›¸å…³çš„å¼€æ”¾ä»»åŠ¡-æ•°æ®é›†-å½“å‰æœ€ä½³ç»“æœã€CoupletAI - åŸºäºCNN+Bi-LSTM+Attention çš„è‡ªåŠ¨å¯¹å¯¹è”ç³»ç»Ÿã€æŠ½è±¡çŸ¥è¯†å›¾è°±ã€MiningZhiDaoQACorpus - 580ä¸‡ç™¾åº¦çŸ¥é“é—®ç­”æ•°æ®æŒ–æ˜é¡¹ç›®ã€brat rapid annotation tool: åºåˆ—æ ‡æ³¨å·¥å…·ã€å¤§è§„æ¨¡ä¸­æ–‡çŸ¥è¯†å›¾è°±æ•°æ®ï¼š1.4äº¿å®ä½“ã€æ•°æ®å¢å¼ºåœ¨æœºå™¨ç¿»è¯‘åŠå…¶ä»–nlpä»»åŠ¡ä¸­çš„åº”ç”¨åŠæ•ˆæœã€allennlpé˜…è¯»ç†è§£:æ”¯æŒå¤šç§æ•°æ®å’Œæ¨¡å‹ã€PDFè¡¨æ ¼æ•°æ®æå–å·¥å…· ã€ Graphbrainï¼šAIå¼€æºè½¯ä»¶åº“å’Œç§‘ç ”å·¥å…·ï¼Œç›®çš„æ˜¯ä¿ƒè¿›è‡ªåŠ¨æ„ä¹‰æå–å’Œæ–‡æœ¬ç†è§£ä»¥åŠçŸ¥è¯†çš„æ¢ç´¢å’Œæ¨æ–­ã€ç®€å†è‡ªåŠ¨ç­›é€‰ç³»ç»Ÿã€åŸºäºå‘½åå®ä½“è¯†åˆ«çš„ç®€å†è‡ªåŠ¨æ‘˜è¦ã€ä¸­æ–‡è¯­è¨€ç†è§£æµ‹è¯„åŸºå‡†ï¼ŒåŒ…æ‹¬ä»£è¡¨æ€§çš„æ•°æ®é›†&åŸºå‡†æ¨¡å‹&è¯­æ–™åº“&æ’è¡Œæ¦œã€æ ‘æ´ OCR æ–‡å­—è¯†åˆ« ã€ä»åŒ…å«è¡¨æ ¼çš„æ‰«æå›¾ç‰‡ä¸­è¯†åˆ«è¡¨æ ¼å’Œæ–‡å­—ã€è¯­å£°è¿ç§»ã€Pythonå£è¯­è‡ªç„¶è¯­è¨€å¤„ç†å·¥å…·é›†(è‹±æ–‡)ã€ similarityï¼šç›¸ä¼¼åº¦è®¡ç®—å·¥å…·åŒ…ï¼Œjavaç¼–å†™ã€æµ·é‡ä¸­æ–‡é¢„è®­ç»ƒALBERTæ¨¡å‹ ã€Transformers 2.0 ã€åŸºäºå¤§è§„æ¨¡éŸ³é¢‘æ•°æ®é›†Audiosetçš„éŸ³é¢‘å¢å¼º ã€Poplarï¼šç½‘é¡µç‰ˆè‡ªç„¶è¯­è¨€æ ‡æ³¨å·¥å…·ã€å›¾ç‰‡æ–‡å­—å»é™¤ï¼Œå¯ç”¨äºæ¼«ç”»ç¿»è¯‘ ã€186ç§è¯­è¨€çš„æ•°å­—å«æ³•åº“ã€Amazonå‘å¸ƒåŸºäºçŸ¥è¯†çš„äºº-äººå¼€æ”¾é¢†åŸŸå¯¹è¯æ•°æ®é›† ã€ä¸­æ–‡æ–‡æœ¬çº é”™æ¨¡å—ä»£ç ã€ç¹ç®€ä½“è½¬æ¢ ã€ Pythonå®ç°çš„å¤šç§æ–‡æœ¬å¯è¯»æ€§è¯„ä»·æŒ‡æ ‡ã€ç±»ä¼¼äºäººå/åœ°å/ç»„ç»‡æœºæ„åçš„å‘½åä½“è¯†åˆ«æ•°æ®é›† ã€ä¸œå—å¤§å­¦ã€ŠçŸ¥è¯†å›¾è°±ã€‹ç ”ç©¶ç”Ÿè¯¾ç¨‹(èµ„æ–™)ã€. è‹±æ–‡æ‹¼å†™æ£€æŸ¥åº“ ã€ wwsearchæ˜¯ä¼ä¸šå¾®ä¿¡åå°è‡ªç ”çš„å…¨æ–‡æ£€ç´¢å¼•æ“ã€CHAMELEONï¼šæ·±åº¦å­¦ä¹ æ–°é—»æ¨èç³»ç»Ÿå…ƒæ¶æ„ ã€ 8ç¯‡è®ºæ–‡æ¢³ç†BERTç›¸å…³æ¨¡å‹è¿›å±•ä¸åæ€ã€DocSearchï¼šå…è´¹æ–‡æ¡£æœç´¢å¼•æ“ã€ LIDAï¼šè½»é‡äº¤äº’å¼å¯¹è¯æ ‡æ³¨å·¥å…· ã€aili - the fastest in-memory index in the East ä¸œåŠçƒæœ€å¿«å¹¶å‘ç´¢å¼• ã€çŸ¥è¯†å›¾è°±è½¦éŸ³å·¥ä½œé¡¹ç›®ã€è‡ªç„¶è¯­è¨€ç”Ÿæˆèµ„æºå¤§å…¨ ã€ä¸­æ—¥éŸ©åˆ†è¯åº“mecabçš„Pythonæ¥å£åº“ã€ä¸­æ–‡æ–‡æœ¬æ‘˜è¦/å…³é”®è¯æå–ã€æ±‰å­—å­—ç¬¦ç‰¹å¾æå–å™¨ (featurizer)ï¼Œæå–æ±‰å­—çš„ç‰¹å¾ï¼ˆå‘éŸ³ç‰¹å¾ã€å­—å½¢ç‰¹å¾ï¼‰ç”¨åšæ·±åº¦å­¦ä¹ çš„ç‰¹å¾ã€ä¸­æ–‡ç”Ÿæˆä»»åŠ¡åŸºå‡†æµ‹è¯„ ã€ä¸­æ–‡ç¼©å†™æ•°æ®é›†ã€ä¸­æ–‡ä»»åŠ¡åŸºå‡†æµ‹è¯„ - ä»£è¡¨æ€§çš„æ•°æ®é›†-åŸºå‡†(é¢„è®­ç»ƒ)æ¨¡å‹-è¯­æ–™åº“-baseline-å·¥å…·åŒ…-æ’è¡Œæ¦œã€PySS3ï¼šé¢å‘å¯è§£é‡ŠAIçš„SS3æ–‡æœ¬åˆ†ç±»å™¨æœºå™¨å¯è§†åŒ–å·¥å…· ã€ä¸­æ–‡NLPæ•°æ®é›†åˆ—è¡¨ã€COPE - æ ¼å¾‹è¯—ç¼–è¾‘ç¨‹åºã€doccanoï¼šåŸºäºç½‘é¡µçš„å¼€æºååŒå¤šè¯­è¨€æ–‡æœ¬æ ‡æ³¨å·¥å…· ã€PreNLPï¼šè‡ªç„¶è¯­è¨€é¢„å¤„ç†åº“ã€ç®€å•çš„ç®€å†è§£æå™¨ï¼Œç”¨æ¥ä»ç®€å†ä¸­æå–å…³é”®ä¿¡æ¯ã€ç”¨äºä¸­æ–‡é—²èŠçš„GPT2æ¨¡å‹ï¼šGPT2-chitchatã€åŸºäºæ£€ç´¢èŠå¤©æœºå™¨äººå¤šè½®å“åº”é€‰æ‹©ç›¸å…³èµ„æºåˆ—è¡¨(Leaderboardsã€Datasetsã€Papers)ã€(Colab)æŠ½è±¡æ–‡æœ¬æ‘˜è¦å®ç°é›†é”¦(æ•™ç¨‹ ã€è¯è¯­æ‹¼éŸ³æ•°æ®ã€é«˜æ•ˆæ¨¡ç³Šæœç´¢å·¥å…·ã€NLPæ•°æ®å¢å¹¿èµ„æºé›†ã€å¾®è½¯å¯¹è¯æœºå™¨äººæ¡†æ¶ ã€ GitHub Typo Corpusï¼šå¤§è§„æ¨¡GitHubå¤šè¯­è¨€æ‹¼å†™é”™è¯¯/è¯­æ³•é”™è¯¯æ•°æ®é›†ã€TextClusterï¼šçŸ­æ–‡æœ¬èšç±»é¢„å¤„ç†æ¨¡å— Short text clusterã€é¢å‘è¯­éŸ³è¯†åˆ«çš„ä¸­æ–‡æ–‡æœ¬è§„èŒƒåŒ–ã€BLINKï¼šæœ€å…ˆè¿›çš„å®ä½“é“¾æ¥åº“ã€BertPuncï¼šåŸºäºBERTçš„æœ€å…ˆè¿›æ ‡ç‚¹ä¿®å¤æ¨¡å‹ã€Tokenizerï¼šå¿«é€Ÿã€å¯å®šåˆ¶çš„æ–‡æœ¬è¯æ¡åŒ–åº“ã€ä¸­æ–‡è¯­è¨€ç†è§£æµ‹è¯„åŸºå‡†ï¼ŒåŒ…æ‹¬ä»£è¡¨æ€§çš„æ•°æ®é›†ã€åŸºå‡†(é¢„è®­ç»ƒ)æ¨¡å‹ã€è¯­æ–™åº“ã€æ’è¡Œæ¦œã€spaCy åŒ»å­¦æ–‡æœ¬æŒ–æ˜ä¸ä¿¡æ¯æå– ã€ NLPä»»åŠ¡ç¤ºä¾‹é¡¹ç›®ä»£ç é›†ã€ pythonæ‹¼å†™æ£€æŸ¥åº“ã€chatbot-list - è¡Œä¸šå†…å…³äºæ™ºèƒ½å®¢æœã€èŠå¤©æœºå™¨äººçš„åº”ç”¨å’Œæ¶æ„ã€ç®—æ³•åˆ†äº«å’Œä»‹ç»ã€è¯­éŸ³è´¨é‡è¯„ä»·æŒ‡æ ‡(MOSNet, BSSEval, STOI, PESQ, SRMR)ã€ ç”¨138GBè¯­æ–™è®­ç»ƒçš„æ³•æ–‡RoBERTaé¢„è®­ç»ƒè¯­è¨€æ¨¡å‹ ã€BERT-NER-Pytorchï¼šä¸‰ç§ä¸åŒæ¨¡å¼çš„BERTä¸­æ–‡NERå®éªŒã€æ— é“è¯å…¸ - æœ‰é“è¯å…¸çš„å‘½ä»¤è¡Œç‰ˆæœ¬ï¼Œæ”¯æŒè‹±æ±‰äº’æŸ¥å’Œåœ¨çº¿æŸ¥è¯¢ã€2019å¹´NLPäº®ç‚¹å›é¡¾ã€ Chinese medical dialogue data ä¸­æ–‡åŒ»ç–—å¯¹è¯æ•°æ®é›† ã€æœ€å¥½çš„æ±‰å­—æ•°å­—(ä¸­æ–‡æ•°å­—)-é˜¿æ‹‰ä¼¯æ•°å­—è½¬æ¢å·¥å…·ã€ åŸºäºç™¾ç§‘çŸ¥è¯†åº“çš„ä¸­æ–‡è¯è¯­å¤šè¯ä¹‰/ä¹‰é¡¹è·å–ä¸ç‰¹å®šå¥å­è¯è¯­è¯­ä¹‰æ¶ˆæ­§ã€awesome-nlp-sentiment-analysis - æƒ…æ„Ÿåˆ†æã€æƒ…ç»ªåŸå› è¯†åˆ«ã€è¯„ä»·å¯¹è±¡å’Œè¯„ä»·è¯æŠ½å–ã€LineFlowï¼šé¢å‘æ‰€æœ‰æ·±åº¦å­¦ä¹ æ¡†æ¶çš„NLPæ•°æ®é«˜æ•ˆåŠ è½½å™¨ã€ä¸­æ–‡åŒ»å­¦NLPå…¬å¼€èµ„æºæ•´ç† ã€MedQuADï¼š(è‹±æ–‡)åŒ»å­¦é—®ç­”æ•°æ®é›†ã€å°†è‡ªç„¶è¯­è¨€æ•°å­—ä¸²è§£æè½¬æ¢ä¸ºæ•´æ•°å’Œæµ®ç‚¹æ•°ã€Transfer Learning in Natural Language Processing (NLP) ã€é¢å‘è¯­éŸ³è¯†åˆ«çš„ä¸­æ–‡/è‹±æ–‡å‘éŸ³è¾å…¸ã€Tokenizersï¼šæ³¨é‡æ€§èƒ½ä¸å¤šåŠŸèƒ½æ€§çš„æœ€å…ˆè¿›åˆ†è¯å™¨ã€CLUENER ç»†ç²’åº¦å‘½åå®ä½“è¯†åˆ« Fine Grained Named Entity Recognitionã€ åŸºäºBERTçš„ä¸­æ–‡å‘½åå®ä½“è¯†åˆ«ã€ä¸­æ–‡è°£è¨€æ•°æ®åº“ã€NLPæ•°æ®é›†/åŸºå‡†ä»»åŠ¡å¤§åˆ—è¡¨ã€nlpç›¸å…³çš„ä¸€äº›è®ºæ–‡åŠä»£ç , åŒ…æ‹¬ä¸»é¢˜æ¨¡å‹ã€è¯å‘é‡(Word Embedding)ã€å‘½åå®ä½“è¯†åˆ«(NER)ã€æ–‡æœ¬åˆ†ç±»(Text Classificatin)ã€æ–‡æœ¬ç”Ÿæˆ(Text Generation)ã€æ–‡æœ¬ç›¸ä¼¼æ€§(Text Similarity)è®¡ç®—ç­‰ï¼Œæ¶‰åŠåˆ°å„ç§ä¸nlpç›¸å…³çš„ç®—æ³•ï¼ŒåŸºäºkeraså’Œtensorflow ã€Pythonæ–‡æœ¬æŒ–æ˜/NLPå®æˆ˜ç¤ºä¾‹ã€ Blackstoneï¼šé¢å‘éç»“æ„åŒ–æ³•å¾‹æ–‡æœ¬çš„spaCy pipelineå’ŒNLPæ¨¡å‹é€šè¿‡åŒä¹‰è¯æ›¿æ¢å®ç°æ–‡æœ¬â€œå˜è„¸â€ ã€ä¸­æ–‡ é¢„è®­ç»ƒ ELECTREA æ¨¡å‹: åŸºäºå¯¹æŠ—å­¦ä¹  pretrain Chinese Model ã€albert-chinese-ner - ç”¨é¢„è®­ç»ƒè¯­è¨€æ¨¡å‹ALBERTåšä¸­æ–‡NER ã€åŸºäºGPT2çš„ç‰¹å®šä¸»é¢˜æ–‡æœ¬ç”Ÿæˆ/æ–‡æœ¬å¢å¹¿ã€å¼€æºé¢„è®­ç»ƒè¯­è¨€æ¨¡å‹åˆé›†ã€å¤šè¯­è¨€å¥å‘é‡åŒ…ã€ç¼–ç ã€æ ‡è®°å’Œå®ç°ï¼šä¸€ç§å¯æ§é«˜æ•ˆçš„æ–‡æœ¬ç”Ÿæˆæ–¹æ³•ã€ è‹±æ–‡è„è¯å¤§åˆ—è¡¨ ã€attnvisï¼šGPT2ã€BERTç­‰transformerè¯­è¨€æ¨¡å‹æ³¨æ„åŠ›äº¤äº’å¯è§†åŒ–ã€CoVoSTï¼šFacebookå‘å¸ƒçš„å¤šè¯­ç§è¯­éŸ³-æ–‡æœ¬ç¿»è¯‘è¯­æ–™åº“ï¼ŒåŒ…æ‹¬11ç§è¯­è¨€(æ³•è¯­ã€å¾·è¯­ã€è·å…°è¯­ã€ä¿„è¯­ã€è¥¿ç­ç‰™è¯­ã€æ„å¤§åˆ©è¯­ã€åœŸè€³å…¶è¯­ã€æ³¢æ–¯è¯­ã€ç‘å…¸è¯­ã€è’™å¤è¯­å’Œä¸­æ–‡)çš„è¯­éŸ³ã€æ–‡å­—è½¬å½•åŠè‹±æ–‡è¯‘æ–‡ã€Jiaguè‡ªç„¶è¯­è¨€å¤„ç†å·¥å…· - ä»¥BiLSTMç­‰æ¨¡å‹ä¸ºåŸºç¡€ï¼Œæä¾›çŸ¥è¯†å›¾è°±å…³ç³»æŠ½å– ä¸­æ–‡åˆ†è¯ è¯æ€§æ ‡æ³¨ å‘½åå®ä½“è¯†åˆ« æƒ…æ„Ÿåˆ†æ æ–°è¯å‘ç° å…³é”®è¯ æ–‡æœ¬æ‘˜è¦ æ–‡æœ¬èšç±»ç­‰åŠŸèƒ½ã€ç”¨unetå®ç°å¯¹æ–‡æ¡£è¡¨æ ¼çš„è‡ªåŠ¨æ£€æµ‹ï¼Œè¡¨æ ¼é‡å»ºã€NLPäº‹ä»¶æå–æ–‡çŒ®èµ„æºåˆ—è¡¨ ã€ é‡‘èé¢†åŸŸè‡ªç„¶è¯­è¨€å¤„ç†ç ”ç©¶èµ„æºå¤§åˆ—è¡¨ã€CLUEDatasetSearch - ä¸­è‹±æ–‡NLPæ•°æ®é›†ï¼šæœç´¢æ‰€æœ‰ä¸­æ–‡NLPæ•°æ®é›†ï¼Œé™„å¸¸ç”¨è‹±æ–‡NLPæ•°æ®é›† ã€medical_NER - ä¸­æ–‡åŒ»å­¦çŸ¥è¯†å›¾è°±å‘½åå®ä½“è¯†åˆ« ã€(å“ˆä½›)è®²å› æœæ¨ç†çš„å…è´¹ä¹¦ã€çŸ¥è¯†å›¾è°±ç›¸å…³å­¦ä¹ èµ„æ–™/æ•°æ®é›†/å·¥å…·èµ„æºå¤§åˆ—è¡¨ã€Forteï¼šçµæ´»å¼ºå¤§çš„è‡ªç„¶è¯­è¨€å¤„ç†pipelineå·¥å…·é›† ã€Pythonå­—ç¬¦ä¸²ç›¸ä¼¼æ€§ç®—æ³•åº“ã€PyLaiaï¼šé¢å‘æ‰‹å†™æ–‡æ¡£åˆ†æçš„æ·±åº¦å­¦ä¹ å·¥å…·åŒ…ã€TextFoolerï¼šé’ˆå¯¹æ–‡æœ¬åˆ†ç±»/æ¨ç†çš„å¯¹æŠ—æ–‡æœ¬ç”Ÿæˆæ¨¡å—ã€Haystackï¼šçµæ´»ã€å¼ºå¤§çš„å¯æ‰©å±•é—®ç­”(QA)æ¡†æ¶ã€ä¸­æ–‡å…³é”®çŸ­è¯­æŠ½å–å·¥å…·",not relevant
72441,elasticsearch,elastic/elasticsearch,https://github.com/elastic/elasticsearch,"Free and Open Source, Distributed, RESTful Search Engine",relevant
72250,vite,vitejs/vite,https://github.com/vitejs/vite,Next generation frontend tooling. It's fast!,relevant
71942,ML-For-Beginners,microsoft/ML-For-Beginners,https://github.com/microsoft/ML-For-Beginners,"12 weeks, 26 lessons, 52 quizzes, classic Machine Learning for all",not relevant
71913,playwright,microsoft/playwright,https://github.com/microsoft/playwright,"Playwright is a framework for Web Testing and Automation. It allows testing Chromium, Firefox and WebKit with a single API. ",relevant
71790,system-design-101,ByteByteGoHq/system-design-101,https://github.com/ByteByteGoHq/system-design-101,Explain complex systems using visuals and simple terms. Help you prepare for system design interviews.,not relevant
71297,hoppscotch,hoppscotch/hoppscotch,https://github.com/hoppscotch/hoppscotch,"Open source API development ecosystem - https://hoppscotch.io (open-source alternative to Postman, Insomnia)",relevant
71226,code-server,coder/code-server,https://github.com/coder/code-server,VS Code in the browser,relevant
70543,nest,nestjs/nest,https://github.com/nestjs/nest,"A progressive Node.js framework for building efficient, scalable, and enterprise-grade server-side applications with TypeScript/JavaScript ğŸš€",relevant
70412,stable-diffusion,CompVis/stable-diffusion,https://github.com/CompVis/stable-diffusion,A latent text-to-image diffusion model,relevant
69936,Front-End-Checklist,thedaviddias/Front-End-Checklist,https://github.com/thedaviddias/Front-End-Checklist,ğŸ—‚ The perfect Front-End Checklist for modern websites and meticulous developers,not relevant
69619,screenshot-to-code,abi/screenshot-to-code,https://github.com/abi/screenshot-to-code,Drop in a screenshot and convert it to clean code (HTML/Tailwind/React/Vue),relevant
69582,fzf,junegunn/fzf,https://github.com/junegunn/fzf,:cherry_blossom: A command-line fuzzy finder,relevant
69581,moby,moby/moby,https://github.com/moby/moby,The Moby Project - a collaborative project for the container ecosystem to assemble container-based systems,relevant
69566,syncthing,syncthing/syncthing,https://github.com/syncthing/syncthing,Open Source Continuous File Synchronization,relevant
69365,flask,pallets/flask,https://github.com/pallets/flask,The Python micro framework for building web applications.,relevant
68783,redis,redis/redis,https://github.com/redis/redis,"Redis is an in-memory database that persists on disk. The data model is key-value, but many different kind of values are supported: Strings, Lists, Sets, Sorted Sets, Hashes, Streams, HyperLogLogs, Bitmaps.",relevant
68732,reveal.js,hakimel/reveal.js,https://github.com/hakimel/reveal.js,The HTML Presentation Framework,relevant
68636,d2l-zh,d2l-ai/d2l-zh,https://github.com/d2l-ai/d2l-zh,ã€ŠåŠ¨æ‰‹å­¦æ·±åº¦å­¦ä¹ ã€‹ï¼šé¢å‘ä¸­æ–‡è¯»è€…ã€èƒ½è¿è¡Œã€å¯è®¨è®ºã€‚ä¸­è‹±æ–‡ç‰ˆè¢«70å¤šä¸ªå›½å®¶çš„500å¤šæ‰€å¤§å­¦ç”¨äºæ•™å­¦ã€‚,not relevant
68531,cs-video-courses,Developer-Y/cs-video-courses,https://github.com/Developer-Y/cs-video-courses,List of Computer Science courses with video lectures.,not relevant
68505,node,base/node,https://github.com/base/node,Everything required to run your own Base node,relevant
68480,swift,swiftlang/swift,https://github.com/swiftlang/swift,The Swift Programming Language,relevant
68256,gpt_academic,binary-husky/gpt_academic,https://github.com/binary-husky/gpt_academic,"ä¸ºGPT/GLMç­‰LLMå¤§è¯­è¨€æ¨¡å‹æä¾›å®ç”¨åŒ–äº¤äº’æ¥å£ï¼Œç‰¹åˆ«ä¼˜åŒ–è®ºæ–‡é˜…è¯»/æ¶¦è‰²/å†™ä½œä½“éªŒï¼Œæ¨¡å—åŒ–è®¾è®¡ï¼Œæ”¯æŒè‡ªå®šä¹‰å¿«æ·æŒ‰é’®&å‡½æ•°æ’ä»¶ï¼Œæ”¯æŒPythonå’ŒC++ç­‰é¡¹ç›®å‰–æ&è‡ªè¯‘è§£åŠŸèƒ½ï¼ŒPDF/LaTexè®ºæ–‡ç¿»è¯‘&æ€»ç»“åŠŸèƒ½ï¼Œæ”¯æŒå¹¶è¡Œé—®è¯¢å¤šç§LLMæ¨¡å‹ï¼Œæ”¯æŒchatglm3ç­‰æœ¬åœ°æ¨¡å‹ã€‚æ¥å…¥é€šä¹‰åƒé—®, deepseekcoder, è®¯é£æ˜Ÿç«, æ–‡å¿ƒä¸€è¨€, llama2, rwkv, claude2, mossç­‰ã€‚",unsure
67700,awesome-react,enaqx/awesome-react,https://github.com/enaqx/awesome-react,A collection of awesome things regarding React ecosystem,not relevant
67690,awesome-machine-learning,josephmisiti/awesome-machine-learning,https://github.com/josephmisiti/awesome-machine-learning,"A curated list of awesome Machine Learning frameworks, libraries and software.",not relevant
67594,grafana,grafana/grafana,https://github.com/grafana/grafana,"The open and composable observability and data visualization platform. Visualize metrics, logs, and traces from multiple sources like Prometheus, Loki, Elasticsearch, InfluxDB, Postgres and many more. ",relevant
67513,uptime-kuma,louislam/uptime-kuma,https://github.com/louislam/uptime-kuma,A fancy self-hosted monitoring tool,relevant
67342,protobuf,protocolbuffers/protobuf,https://github.com/protocolbuffers/protobuf,Protocol Buffers - Google's data interchange format,relevant
66814,express,expressjs/express,https://github.com/expressjs/express,"Fast, unopinionated, minimalist web framework for node.",relevant
66626,Best-websites-a-programmer-should-visit,sdmg15/Best-websites-a-programmer-should-visit,https://github.com/sdmg15/Best-websites-a-programmer-should-visit,:link: Some useful websites for programmers.,not relevant
66465,cpython,python/cpython,https://github.com/python/cpython,The Python programming language,relevant
66323,tesseract,tesseract-ocr/tesseract,https://github.com/tesseract-ocr/tesseract,Tesseract Open Source OCR Engine (main repository),relevant
66320,strapi,strapi/strapi,https://github.com/strapi/strapi,"ğŸš€ Strapi is the leading open-source headless CMS. Itâ€™s 100% JavaScript/TypeScript, fully customizable, and developer-first.",relevant
66169,Ventoy,ventoy/Ventoy,https://github.com/ventoy/Ventoy,A new bootable USB solution.,relevant
65843,superset,apache/superset,https://github.com/apache/superset,Apache Superset is a Data Visualization and Data Exploration Platform,relevant
65754,Chart.js,chartjs/Chart.js,https://github.com/chartjs/Chart.js,Simple HTML5 Charts using the <canvas> tag,relevant
65218,webpack,webpack/webpack,https://github.com/webpack/webpack,"A bundler for javascript and friends. Packs many modules into a few bundled assets. Code Splitting allows for loading parts of the application on demand. Through ""loaders"", modules can be CommonJs, AMD, ES6 modules, CSS, Images, JSON, Coffeescript, LESS, ... and your custom stuff.",relevant
65063,33-js-concepts,leonardomso/33-js-concepts,https://github.com/leonardomso/33-js-concepts,ğŸ“œ 33 JavaScript concepts every developer should know.,not relevant
64884,imgui,ocornut/imgui,https://github.com/ocornut/imgui,Dear ImGui: Bloat-free Graphical User interface for C++ with minimal dependencies,relevant
64844,PayloadsAllTheThings,swisskyrepo/PayloadsAllTheThings,https://github.com/swisskyrepo/PayloadsAllTheThings,A list of useful payloads and bypass for Web Application Security and Pentest/CTF,not relevant
64791,ansible,ansible/ansible,https://github.com/ansible/ansible,"Ansible is a radically simple IT automation platform that makes your applications and systems easier to deploy and maintain. Automate everything from code deployment to network configuration to cloud management, in a language that approaches plain English, using SSH, with no agents to install on remote systems. https://docs.ansible.com.",relevant
64123,immich,immich-app/immich,https://github.com/immich-app/immich,High performance self-hosted photo and video management solution.,relevant
64093,gpt4free,xtekky/gpt4free,https://github.com/xtekky/gpt4free,"The official gpt4free repository | various collection of powerful language models | o4, o3 and deepseek r1, gpt-4.1, gemini 2.5",relevant
64086,interviews,kdn251/interviews,https://github.com/kdn251/interviews,Everything you need to know to get the job.,not relevant
63804,javascript-questions,lydiahallie/javascript-questions,https://github.com/lydiahallie/javascript-questions,"A long list of (advanced) JavaScript questions, and their explanations :sparkles:  ",not relevant
63786,sherlock,sherlock-project/sherlock,https://github.com/sherlock-project/sherlock,Hunt down social media accounts by username across social networks,relevant
63694,caddy,caddyserver/caddy,https://github.com/caddyserver/caddy,Fast and extensible multi-platform HTTP/1-2-3 web server with automatic HTTPS,relevant
63667,obs-studio,obsproject/obs-studio,https://github.com/obsproject/obs-studio,OBS Studio - Free and open source software for live streaming and screen recording,relevant
63377,openai-cookbook,openai/openai-cookbook,https://github.com/openai/openai-cookbook,Examples and guides for using the OpenAI API,not relevant
63298,echarts,apache/echarts,https://github.com/apache/echarts,"Apache ECharts is a powerful, interactive charting and data visualization library for browser",relevant
63175,awesome-cpp,fffaraz/awesome-cpp,https://github.com/fffaraz/awesome-cpp,"A curated list of awesome C++ (or C) frameworks, libraries, resources, and shiny things. Inspired by awesome-... stuff.",not relevant
63158,tabby,Eugeny/tabby,https://github.com/Eugeny/tabby,A terminal for a more modern age,relevant
63116,the-algorithm,twitter/the-algorithm,https://github.com/twitter/the-algorithm,Source code for Twitter's Recommendation Algorithm,relevant
62912,awesome-public-datasets,awesomedata/awesome-public-datasets,https://github.com/awesomedata/awesome-public-datasets,A topic-centric list of HQ open datasets.,not relevant
62907,keras,keras-team/keras,https://github.com/keras-team/keras,Deep Learning for humans,relevant
62594,nocode,kelseyhightower/nocode,https://github.com/kelseyhightower/nocode,The best way to write secure and reliable applications. Write nothing; deploy nowhere.,not relevant
62421,cs-self-learning,PKUFlyingPig/cs-self-learning,https://github.com/PKUFlyingPig/cs-self-learning,è®¡ç®—æœºè‡ªå­¦æŒ‡å—,not relevant
62375,resume.github.com,resume/resume.github.com,https://github.com/resume/resume.github.com,Resumes generated using the GitHub informations,relevant
62342,sway,FuelLabs/sway,https://github.com/FuelLabs/sway,ğŸŒ´ Empowering everyone to build reliable and efficient smart contracts.,relevant
62301,SecLists,danielmiessler/SecLists,https://github.com/danielmiessler/SecLists,"SecLists is the security tester's companion. It's a collection of multiple types of lists used during security assessments, collected in one place. List types include usernames, passwords, URLs, sensitive data patterns, fuzzing payloads, web shells, and many more.",not relevant
62264,AppFlowy,AppFlowy-IO/AppFlowy,https://github.com/AppFlowy-IO/AppFlowy,"Bring projects, wikis, and teams together with AI. AppFlowy is the AI collaborative workspace where you achieve more without losing control of your data. The leading open source Notion alternative.",relevant
61937,socket.io,socketio/socket.io,https://github.com/socketio/socket.io,Realtime application framework (Node.JS server),relevant
61809,scikit-learn,scikit-learn/scikit-learn,https://github.com/scikit-learn/scikit-learn,scikit-learn: machine learning in Python,relevant
61671,Apollo-11,chrislgarry/Apollo-11,https://github.com/chrislgarry/Apollo-11,Original Apollo 11 Guidance Computer (AGC) source code for the command and lunar modules.,relevant
61545,awesome-scalability,binhnguyennus/awesome-scalability,https://github.com/binhnguyennus/awesome-scalability,"The Patterns of Scalable, Reliable, and Performant Large-Scale Systems",not relevant
61402,Java,TheAlgorithms/Java,https://github.com/TheAlgorithms/Java,All Algorithms implemented in Java,not relevant
61153,redux,reduxjs/redux,https://github.com/reduxjs/redux,A JS library for predictable global state management,relevant