Concept,Option
configparser,spring.datasource.druid.initial-size
configparser,spring.datasource.druid.max-active
configparser,spring.datasource.druid.min-idle
configparser,spring.datasource.druid.stat-view-servlet.login-password
configparser,spring.datasource.druid.stat-view-servlet.login-username
configparser,spring.datasource.druid.web-stat-filter.exclusions
configparser,spring.datasource.password
configparser,spring.datasource.url
configparser,spring.datasource.username
configparser,distributionurl
configparser,jdbc.connectionurl
configparser,jdbc.driverclass
configparser,jdbc.password
configparser,jdbc.userid
configparser,logging.level.org.linlinjava.litemall
configparser,logging.level.org.linlinjava.litemall.db
configparser,logging.level.org.mybatis
configparser,logging.level.org.springframework
configparser,logging.level.root
configparser,pagehelper.helperdialect
configparser,pagehelper.params
configparser,pagehelper.reasonable
configparser,pagehelper.supportmethodsarguments
configparser,spring.datasource.druid.driver-class-name
configparser,spring.datasource.druid.filters
configparser,spring.datasource.druid.max-pool-prepared-statement-per-connection-size
configparser,spring.datasource.druid.max-wait
configparser,spring.datasource.druid.password
configparser,spring.datasource.druid.pool-prepared-statements
configparser,spring.datasource.druid.test-on-borrow
configparser,spring.datasource.druid.test-on-return
configparser,spring.datasource.druid.test-while-idle
configparser,spring.datasource.druid.time-between-eviction-runs-millis
configparser,spring.datasource.druid.url
configparser,spring.datasource.druid.username
configparser,spring.datasource.druid.validation-query
configparser,org.linlinjava.litemall.os.address
configparser,org.linlinjava.litemall.os.port
configparser,wx.app-id
configparser,wx.app-secret
configparser,swagger.enable
configparser,spring.mail.host
configparser,spring.mail.password
configparser,spring.mail.sendto
configparser,spring.mail.username
configparser,spring.notify.corepoolsize
configparser,spring.notify.maxpoolsize
configparser,spring.notify.queuecapacity
configparser,spring.sms.appid
configparser,spring.sms.appkey
configparser,spring.sms.enable
configparser,spring.sms.sign
configparser,spring.sms.template.captcha
configparser,spring.sms.template.pay.complated
configparser,spring.sms.template.paysucceed
configparser,spring.sms.template.verificationcode
configparser,sprint.mail.enable
configparser,aliyun.os.endpoint
configparser,tencent.os.bucketname
configparser,tencent.os.region
configparser,tencent.os.secretid
configparser,tencent.os.secretkey
configparser,log4j.appender.file
configparser,log4j.appender.file.datepattern
configparser,log4j.appender.file.file
configparser,log4j.appender.file.layout
configparser,log4j.appender.file.layout.conversionpattern
configparser,log4j.appender.stdout
configparser,log4j.appender.stdout.layout
configparser,log4j.appender.stdout.layout.conversionpattern
configparser,log4j.rootcategory
configparser,spring.datasource.connectionurl
configparser,loader.path
configparser,author
configparser,bigint
configparser,bit
configparser,char
configparser,date
configparser,datetime
configparser,decimal
configparser,double
configparser,float
configparser,hiddencolumn
configparser,int
configparser,integer
configparser,longtext
configparser,mainpath
configparser,mediumint
configparser,mediumtext
configparser,modulename
configparser,package
configparser,smallint
configparser,tableprefix
configparser,text
configparser,timestamp
configparser,tinyint
configparser,tinytext
configparser,varchar
configparser,sys.app.phone.unregistered
configparser,sys.app.sms.error
configparser,sys.app.sms.often
configparser,sys.dept.deptname.inexistence
configparser,sys.dict.delete.system
configparser,sys.dict.update.system
configparser,sys.menu.delete.existing
configparser,sys.param.config.error
configparser,sys.param.delete.system
configparser,sys.post.nameorcode.existing
configparser,sys.post.postname.inexistence
configparser,sys.role.nameorcode.existing
configparser,sys.role.rolename.inexistence
configparser,sys.user.existing
configparser,sys.user.query.error
configparser,sys.user.update.passworderror
configparser,sys.user.userinfo.empty
configparser,sys.user.username.existing
configparser,abstractaccessdecisionmanager.accessdenied
configparser,abstractldapauthenticationprovider.emptypassword
configparser,abstractsecurityinterceptor.authenticationnotfound
configparser,abstractuserdetailsauthenticationprovider.badcredentials
configparser,abstractuserdetailsauthenticationprovider.credentialsexpired
configparser,abstractuserdetailsauthenticationprovider.disabled
configparser,abstractuserdetailsauthenticationprovider.expired
configparser,abstractuserdetailsauthenticationprovider.locked
configparser,abstractuserdetailsauthenticationprovider.onlysupports
configparser,abstractuserdetailsauthenticationprovider.smsbadcredentials
configparser,accountstatususerdetailschecker.credentialsexpired
configparser,accountstatususerdetailschecker.disabled
configparser,accountstatususerdetailschecker.expired
configparser,accountstatususerdetailschecker.locked
configparser,aclentryafterinvocationprovider.nopermission
configparser,anonymousauthenticationprovider.incorrectkey
configparser,bindauthenticator.badcredentials
configparser,bindauthenticator.emptypassword
configparser,casauthenticationprovider.incorrectkey
configparser,casauthenticationprovider.noserviceticket
configparser,concurrentsessioncontrolauthenticationstrategy.exceededallowed
configparser,digestauthenticationfilter.incorrectrealm
configparser,digestauthenticationfilter.incorrectresponse
configparser,digestauthenticationfilter.missingauth
configparser,digestauthenticationfilter.missingmandatory
configparser,digestauthenticationfilter.noncecompromised
configparser,digestauthenticationfilter.nonceencoding
configparser,digestauthenticationfilter.nonceexpired
configparser,digestauthenticationfilter.noncenotnumeric
configparser,digestauthenticationfilter.noncenottwotokens
configparser,digestauthenticationfilter.usernamenotfound
configparser,exceptiontranslationfilter.insufficientauthentication
configparser,jdbcdaoimpl.noauthority
configparser,jdbcdaoimpl.notfound
configparser,ldapauthenticationprovider.badcredentials
configparser,ldapauthenticationprovider.credentialsexpired
configparser,ldapauthenticationprovider.disabled
configparser,ldapauthenticationprovider.emptyusername
configparser,ldapauthenticationprovider.expired
configparser,ldapauthenticationprovider.locked
configparser,ldapauthenticationprovider.onlysupports
configparser,oauth2resourceownerbaseauthenticationprovider.tokenexpired
configparser,passwordcomparisonauthenticator.badcredentials
configparser,providermanager.providernotfound
configparser,remembermeauthenticationprovider.incorrectkey
configparser,runasimplauthenticationprovider.incorrectkey
configparser,subjectdnx509principalextractor.nomatching
configparser,switchuserfilter.nocurrentuser
configparser,switchuserfilter.nooriginalauthentication
configparser,abstractuserdetailsauthenticationprovider.noopbindaccount
configparser,ishealthcheck
configparser,isquickstart
configparser,management.metrics.export.elastic.enabled
configparser,management.metrics.export.influx.enabled
configparser,maxhealthcheckfailcount
configparser,nacos.cmdb.dumptaskinterval
configparser,nacos.cmdb.eventtaskinterval
configparser,nacos.cmdb.labeltaskinterval
configparser,nacos.cmdb.loaddataatstart
configparser,nacos.security.ignore.urls
configparser,notifyconnecttimeout
configparser,notifysockettimeout
configparser,open_spas
configparser,openinnerinterfacefilter
configparser,server.tomcat.accesslog.enabled
configparser,server.tomcat.accesslog.pattern
configparser,spring.autoconfigure.exclude
configparser,spring.mvc.view.prefix
configparser,spring.mvc.view.suffix
configparser,useaddressserver
configparser,appender
configparser,dateformat
configparser,deregisterdrivers
configparser,excludecategories
configparser,logmessageformat
configparser,modulelist
configparser,outagedetection
configparser,outagedetectioninterval
configparser,useprefix
configparser,bpchar
configparser,excludecolumns
configparser,admin_i18n
configparser,admin_name
configparser,admin_name_full
configparser,admin_version
configparser,change_pwd
configparser,change_pwd_field_newpwd
configparser,change_pwd_suc_to_logout
configparser,datatable_semptytable
configparser,datatable_sfirst
configparser,datatable_sinfo
configparser,datatable_sinfoempty
configparser,datatable_sinfofiltered
configparser,datatable_slast
configparser,datatable_slengthmenu
configparser,datatable_sloadingrecords
configparser,datatable_snext
configparser,datatable_sprevious
configparser,datatable_sprocessing
configparser,datatable_ssearch
configparser,datatable_ssortascending
configparser,datatable_ssortdescending
configparser,datatable_szerorecords
configparser,daterangepicker_custom_daysofweek
configparser,daterangepicker_custom_endtime
configparser,daterangepicker_custom_monthnames
configparser,daterangepicker_custom_name
configparser,daterangepicker_custom_starttime
configparser,daterangepicker_ranges_last_month
configparser,daterangepicker_ranges_recent_hour
configparser,daterangepicker_ranges_recent_month
configparser,daterangepicker_ranges_recent_week
configparser,daterangepicker_ranges_this_month
configparser,daterangepicker_ranges_today
configparser,daterangepicker_ranges_yesterday
configparser,job_dashboard_date_report
configparser,job_dashboard_job_num
configparser,job_dashboard_job_num_tip
configparser,job_dashboard_jobgroup_num
configparser,job_dashboard_jobgroup_num_tip
configparser,job_dashboard_name
configparser,job_dashboard_rate_report
configparser,job_dashboard_report
configparser,job_dashboard_report_loaddata_fail
configparser,job_dashboard_trigger_num
configparser,job_dashboard_trigger_num_tip
configparser,job_help
configparser,job_help_document
configparser,jobconf_beat
configparser,jobconf_block_cover_early
configparser,jobconf_block_discard_later
configparser,jobconf_block_serial_execution
configparser,jobconf_callback_child_msg1
configparser,jobconf_callback_child_msg2
configparser,jobconf_idlebeat
configparser,jobconf_monitor
configparser,jobconf_monitor_alarm_content
configparser,jobconf_monitor_alarm_title
configparser,jobconf_monitor_alarm_type
configparser,jobconf_monitor_detail
configparser,jobconf_route_busyover
configparser,jobconf_route_consistenthash
configparser,jobconf_route_failover
configparser,jobconf_route_first
configparser,jobconf_route_last
configparser,jobconf_route_lfu
configparser,jobconf_route_lru
configparser,jobconf_route_random
configparser,jobconf_route_round
configparser,jobconf_route_shard
configparser,jobconf_trigger_address_empty
configparser,jobconf_trigger_admin_adress
configparser,jobconf_trigger_child_run
configparser,jobconf_trigger_exe_regaddress
configparser,jobconf_trigger_exe_regtype
configparser,jobconf_trigger_run
configparser,jobconf_trigger_type
configparser,jobconf_trigger_type_api
configparser,jobconf_trigger_type_cron
configparser,jobconf_trigger_type_manual
configparser,jobconf_trigger_type_misfire
configparser,jobconf_trigger_type_parent
configparser,jobconf_trigger_type_retry
configparser,jobgroup_add
configparser,jobgroup_del
configparser,jobgroup_del_limit_0
configparser,jobgroup_del_limit_1
configparser,jobgroup_edit
configparser,jobgroup_empty
configparser,jobgroup_field_addresstype
configparser,jobgroup_field_addresstype_0
configparser,jobgroup_field_addresstype_1
configparser,jobgroup_field_addresstype_limit
configparser,jobgroup_field_appname_length
configparser,jobgroup_field_appname_limit
configparser,jobgroup_field_order_digits
configparser,jobgroup_field_orderrange
configparser,jobgroup_field_registrylist
configparser,jobgroup_field_registrylist_placeholder
configparser,jobgroup_field_registrylist_unvalid
configparser,jobgroup_field_title
configparser,jobgroup_field_title_length
configparser,jobgroup_list
configparser,jobgroup_name
configparser,jobinfo_conf_advanced
configparser,jobinfo_conf_base
configparser,jobinfo_conf_job
configparser,jobinfo_conf_schedule
configparser,jobinfo_field_add
configparser,jobinfo_field_alarmemail
configparser,jobinfo_field_alarmemail_placeholder
configparser,jobinfo_field_author
configparser,jobinfo_field_childjobid
configparser,jobinfo_field_childjobid_placeholder
configparser,jobinfo_field_cron_never_fire
configparser,jobinfo_field_cron_unvalid
configparser,jobinfo_field_executorblockstrategy
configparser,jobinfo_field_executorfailretrycount
configparser,jobinfo_field_executorfailretrycount_placeholder
configparser,jobinfo_field_executorparam
configparser,jobinfo_field_executorroutestrategy
configparser,jobinfo_field_executortimeout_placeholder
configparser,jobinfo_field_gluetype
configparser,jobinfo_field_id
configparser,jobinfo_field_jobdesc
configparser,jobinfo_field_jobgroup
configparser,jobinfo_field_timeout
configparser,jobinfo_field_update
configparser,jobinfo_glue_gluetype_unvalid
configparser,jobinfo_glue_jobid_unvalid
configparser,jobinfo_glue_remark
configparser,jobinfo_glue_remark_limit
configparser,jobinfo_glue_rollback
configparser,jobinfo_job
configparser,jobinfo_name
configparser,jobinfo_opt_log
configparser,jobinfo_opt_next_time
configparser,jobinfo_opt_registryinfo
configparser,jobinfo_opt_run
configparser,jobinfo_opt_run_tips
configparser,jobinfo_opt_start
configparser,jobinfo_opt_stop
configparser,jobinfo_script_location
configparser,jobinfo_shard_index
configparser,jobinfo_shard_total
configparser,joblog_clean
configparser,joblog_clean_log
configparser,joblog_clean_type
configparser,joblog_clean_type_1
configparser,joblog_clean_type_2
configparser,joblog_clean_type_3
configparser,joblog_clean_type_4
configparser,joblog_clean_type_5
configparser,joblog_clean_type_6
configparser,joblog_clean_type_7
configparser,joblog_clean_type_8
configparser,joblog_clean_type_9
configparser,joblog_clean_type_unvalid
configparser,joblog_field_executoraddress
configparser,joblog_field_handlecode
configparser,joblog_field_handlemsg
configparser,joblog_field_handletime
configparser,joblog_field_triggercode
configparser,joblog_field_triggermsg
configparser,joblog_field_triggertime
configparser,joblog_handlecode_200
configparser,joblog_handlecode_500
configparser,joblog_handlecode_502
configparser,joblog_kill_log
configparser,joblog_kill_log_byman
configparser,joblog_kill_log_limit
configparser,joblog_logid_unvalid
configparser,joblog_lost_fail
configparser,joblog_name
configparser,joblog_rolling_log
configparser,joblog_rolling_log_failoften
configparser,joblog_rolling_log_refresh
configparser,joblog_rolling_log_triggerfail
configparser,joblog_status
configparser,joblog_status_all
configparser,joblog_status_fail
configparser,joblog_status_running
configparser,joblog_status_suc
configparser,login_btn
configparser,login_fail
configparser,login_param_empty
configparser,login_param_unvalid
configparser,login_password_empty
configparser,login_password_lt_4
configparser,login_password_placeholder
configparser,login_remember_me
configparser,login_success
configparser,login_username_empty
configparser,login_username_lt_4
configparser,login_username_placeholder
configparser,logout_btn
configparser,logout_confirm
configparser,logout_fail
configparser,logout_success
configparser,misfire_strategy
configparser,misfire_strategy_do_nothing
configparser,misfire_strategy_fire_once_now
configparser,schedule_type
configparser,schedule_type_cron
configparser,schedule_type_fix_delay
configparser,schedule_type_fix_rate
configparser,schedule_type_none
configparser,schedule_type_none_limit_start
configparser,system_add_fail
configparser,system_add_suc
configparser,system_all
configparser,system_api_error
configparser,system_cancel
configparser,system_close
configparser,system_digits
configparser,system_empty
configparser,system_fail
configparser,system_lengh_limit
configparser,system_nav
configparser,system_not_found
configparser,system_ok
configparser,system_opt
configparser,system_opt_copy
configparser,system_opt_del
configparser,system_opt_edit
configparser,system_opt_fail
configparser,system_opt_suc
configparser,system_permission_limit
configparser,system_please_choose
configparser,system_please_input
configparser,system_save
configparser,system_search
configparser,system_show
configparser,system_status
configparser,system_success
configparser,system_tips
configparser,system_unvalid
configparser,system_update_fail
configparser,system_update_suc
configparser,system_welcome
configparser,user_add
configparser,user_manage
configparser,user_password
configparser,user_password_update_placeholder
configparser,user_permission
configparser,user_role
configparser,user_role_admin
configparser,user_role_normal
configparser,user_update
configparser,user_update_loginuser_limit
configparser,user_username
configparser,user_username_repeat
configparser,user_username_valid
configparser,Bootstrap.baseinstallation
configparser,Bootstrap.installmode
configparser,Bootstrap.productkey
configparser,Bootstrap.userinstallation
configparser,ErrorReport.errorreportport
configparser,Bootstrap.bak_extensions
configparser,Bootstrap.bundled_extensions
configparser,Bootstrap.bundled_extensions_prereg
configparser,Bootstrap.bundled_extensions_user
configparser,Bootstrap.ooo_base_dir
configparser,Bootstrap.shared_extensions_user
configparser,Bootstrap.tmp_extensions
configparser,Bootstrap.uno_shared_packages_cache
configparser,Bootstrap.uno_user_packages_cache
configparser,Bootstrap.ure_bin_dir
configparser,Bootstrap.ure_lib_dir
configparser,Bootstrap.ure_more_java_types
configparser,Bootstrap.ure_more_services
configparser,Bootstrap.ure_more_types
configparser,Bootstrap.ure_override_java_jfw_shared_data
configparser,Bootstrap.ure_override_java_jfw_user_data
configparser,Bootstrap.uno_java_jfw_classpath_urls
configparser,Bootstrap.uno_java_jfw_shared_data
configparser,Bootstrap.uno_java_jfw_user_data
configparser,Bootstrap.uno_java_jfw_vendor_settings
configparser,Bootstrap.pyuno_loader_pythonhome
configparser,Bootstrap.pyuno_loader_pythonpath
configparser,Bootstrap.ure_bootstrap
configparser,Bootstrap.allusers
configparser,Bootstrap.basisinstalllocation
configparser,Bootstrap.buildid
configparser,Bootstrap.findproduct
configparser,Bootstrap.installlocation
configparser,Bootstrap.officeinstalllocation
configparser,Bootstrap.productbuildid
configparser,Bootstrap.productcode
configparser,Bootstrap.upgradecode
configparser,Bootstrap.ureinstalllocation
configparser,Bootstrap.hideeula
configparser,Bootstrap.logo
configparser,Bootstrap.nativeprogress
configparser,Bootstrap.progressbarcolor
configparser,Bootstrap.progressframecolor
configparser,Bootstrap.progressposition
configparser,Bootstrap.progresssize
configparser,Bootstrap.showprogressframe
configparser,Bootstrap.pkg_bundledunofile
configparser,Bootstrap.pkg_sharedunofile
configparser,Bootstrap.pkg_userunofile
configparser,Bootstrap.uno_services
configparser,Bootstrap.uno_shared_packages
configparser,Bootstrap.uno_types
configparser,Bootstrap.uno_user_packages
configparser,Bootstrap.ure_internal_java_classpath
configparser,Bootstrap.ure_internal_java_dir
configparser,Bootstrap.ure_internal_lib_dir
configparser,Version.alllanguages
configparser,Version.buildid
configparser,Version.extensionupdateurl
configparser,Version.msiproductversion
configparser,Version.ooobaseversion
configparser,Version.ooopackageversion
configparser,Version.productbuildid
configparser,Version.productcode
configparser,Version.productmajor
configparser,Version.productminor
configparser,Version.productsource
configparser,Version.revision
configparser,Version.updateid
configparser,Version.updateurl
configparser,Version.updateuseragent
configparser,Version.upgradecode
configparser,app.id
configparser,cache.type
configparser,converted.file.charset
configparser,file.dir
configparser,media
configparser,office.home
configparser,openofficepath
configparser,server.tomcat.uri-encoding
configparser,simtext
configparser,spring.http.multipart.max-file-size
configparser,spring.redisson.address
configparser,spring.redisson.database
configparser,spring.resources.static-locations
configparser,attachments.title
configparser,attachments_label
configparser,bookmark.title
configparser,bookmark_label
configparser,cursor_hand_tool.title
configparser,cursor_hand_tool_label
configparser,cursor_text_select_tool.title
configparser,cursor_text_select_tool_label
configparser,document_colors_not_allowed
configparser,document_outline.title
configparser,document_outline_label
configparser,document_properties.title
configparser,document_properties_author
configparser,document_properties_close
configparser,document_properties_creation_date
configparser,document_properties_creator
configparser,document_properties_date_string
configparser,document_properties_file_name
configparser,document_properties_file_size
configparser,document_properties_kb
configparser,document_properties_keywords
configparser,document_properties_label
configparser,document_properties_linearized_no
configparser,document_properties_linearized_yes
configparser,document_properties_mb
configparser,document_properties_modification_date
configparser,document_properties_page_count
configparser,document_properties_page_size
configparser,document_properties_page_size_dimension_name_string
configparser,document_properties_page_size_dimension_string
configparser,document_properties_page_size_name_a3
configparser,document_properties_page_size_name_a4
configparser,document_properties_page_size_name_legal
configparser,document_properties_page_size_name_letter
configparser,document_properties_page_size_orientation_landscape
configparser,document_properties_page_size_orientation_portrait
configparser,document_properties_page_size_unit_inches
configparser,document_properties_page_size_unit_millimeters
configparser,document_properties_producer
configparser,document_properties_subject
configparser,document_properties_title
configparser,document_properties_version
configparser,download.title
configparser,download_label
configparser,error_close
configparser,error_file
configparser,error_less_info
configparser,error_line
configparser,error_message
configparser,error_more_info
configparser,error_stack
configparser,error_version_info
configparser,find_highlight
configparser,find_input.placeholder
configparser,find_input.title
configparser,find_match_case_label
configparser,find_next.title
configparser,find_next_label
configparser,find_not_found
configparser,find_previous.title
configparser,find_previous_label
configparser,find_reached_bottom
configparser,find_reached_top
configparser,findbar.title
configparser,findbar_label
configparser,first_page.label
configparser,first_page.title
configparser,first_page_label
configparser,invalid_file_error
configparser,last_page.label
configparser,last_page.title
configparser,last_page_label
configparser,loading_error
configparser,loading_error_indicator
configparser,missing_file_error
configparser,next.title
configparser,next_label
configparser,of_pages
configparser,open_file.title
configparser,open_file_label
configparser,page.title
configparser,page_of_pages
configparser,page_rotate_ccw.label
configparser,page_rotate_ccw.title
configparser,page_rotate_ccw_label
configparser,page_rotate_cw.label
configparser,page_rotate_cw.title
configparser,page_rotate_cw_label
configparser,page_scale_actual
configparser,page_scale_auto
configparser,page_scale_fit
configparser,page_scale_percent
configparser,page_scale_width
configparser,password_cancel
configparser,password_invalid
configparser,password_label
configparser,password_ok
configparser,presentation_mode.title
configparser,presentation_mode_label
configparser,previous.title
configparser,previous_label
configparser,print.title
configparser,print_label
configparser,print_progress_close
configparser,print_progress_message
configparser,print_progress_percent
configparser,printing_not_ready
configparser,printing_not_supported
configparser,rendering_error
configparser,text_annotation_type.alt
configparser,thumb_page_canvas
configparser,thumb_page_title
configparser,thumbs.title
configparser,thumbs_label
configparser,toggle_sidebar.title
configparser,toggle_sidebar_label
configparser,toggle_sidebar_notification.title
configparser,tools.title
configparser,tools_label
configparser,unexpected_response_error
configparser,web_fonts_disabled
configparser,zoom.title
configparser,zoom_in.title
configparser,zoom_in_label
configparser,zoom_out.title
configparser,zoom_out_label
configparser,annotation_date_string
configparser,document_properties_linearized
configparser,find_entire_word_label
configparser,find_match_count
configparser,find_match_count[few]
configparser,find_match_count[many]
configparser,find_match_count[one]
configparser,find_match_count[other]
configparser,find_match_count[two]
configparser,find_match_count_limit
configparser,find_match_count_limit[few]
configparser,find_match_count_limit[many]
configparser,find_match_count_limit[one]
configparser,find_match_count_limit[other]
configparser,find_match_count_limit[two]
configparser,find_match_count_limit[zero]
configparser,scroll_horizontal.title
configparser,scroll_horizontal_label
configparser,scroll_vertical.title
configparser,scroll_vertical_label
configparser,scroll_wrapped.title
configparser,scroll_wrapped_label
configparser,spread_even.title
configparser,spread_even_label
configparser,spread_none.title
configparser,spread_none_label
configparser,spread_odd.title
configparser,spread_odd_label
configparser,page_canvas
configparser,document_colors_disabled
configparser,find_label
configparser,invalid_password
configparser,outline.title
configparser,outline_label
configparser,page_label
configparser,page_of
configparser,request_password
configparser,Bootstrap.brand_base_dir
configparser,Bootstrap.brand_ini_dir
configparser,Bootstrap.brand_share_resource_subdir
configparser,Bootstrap.brand_share_subdir
configparser,Bootstrap.configuration_layers
configparser,Bootstrap.lo_java_dir
configparser,Bootstrap.lo_lib_dir
configparser,Bootstrap.crashdirectory
configparser,Bootstrap.crashdumpenable
configparser,Bootstrap.progresstextbaseline
configparser,Bootstrap.progresstextcolor
configparser,Bootstrap.secureuserconfig
configparser,Bootstrap.secureuserconfigcompress
configparser,Bootstrap.secureuserconfigextensions
configparser,Bootstrap.secureuserconfigmode
configparser,Bootstrap.secureuserconfignumcopies
configparser,Version.referenceooomajorminor
configparser,Version.vendor
configparser,abs
configparser,and
configparser,any
configparser,aqua
configparser,backward
configparser,bevel
configparser,black
configparser,blue
configparser,bold
configparser,break
configparser,brown
configparser,chocolate
configparser,circle
configparser,clearscreen
configparser,close
configparser,cm
configparser,continue
configparser,cos
configparser,count
configparser,dash
configparser,deg
configparser,dotted
configparser,ellipse
configparser,end
configparser,err_arguments
configparser,err_block
configparser,err_index
configparser,err_key
configparser,err_maxrecursion
configparser,err_memory
configparser,err_name
configparser,err_notaprogram
configparser,err_stop
configparser,err_zerodivision
configparser,error
configparser,false
configparser,fill
configparser,fillcolor
configparser,fillstyle
configparser,filltransparency
configparser,fontcolor
configparser,fontfamily
configparser,fontheight
configparser,fontstyle
configparser,fonttransparency
configparser,fontweight
configparser,for
configparser,forward
configparser,fuchsia
configparser,global
configparser,gold
configparser,gray
configparser,green
configparser,group
configparser,heading
configparser,hideturtle
configparser,home
configparser,hour
configparser,if
configparser,in
configparser,inch
configparser,input
configparser,invisible
configparser,italic
configparser,label
configparser,leftstring
configparser,librelogo
configparser,lime
configparser,list
configparser,log10
configparser,maroon
configparser,max
configparser,min
configparser,miter
configparser,mm
configparser,navy
configparser,none
configparser,normal
configparser,not
configparser,olive
configparser,or
configparser,orange
configparser,output
configparser,pagesize
configparser,pencap
configparser,pencolor
configparser,pendown
configparser,penjoint
configparser,penstyle
configparser,pentransparency
configparser,penup
configparser,penwidth
configparser,pi
configparser,pink
configparser,point
configparser,position
configparser,print
configparser,pt
configparser,purple
configparser,random
configparser,range
configparser,rectangle
configparser,red
configparser,refindall
configparser,repcount
configparser,repeat
configparser,research
configparser,resub
configparser,rightstring
configparser,round
configparser,rounded
configparser,set
configparser,showturtle
configparser,silver
configparser,sin
configparser,skyblue
configparser,sleep
configparser,solid
configparser,sorted
configparser,sqrt
configparser,square
configparser,stop
configparser,str
configparser,teal
configparser,to
configparser,tomato
configparser,true
configparser,tuple
configparser,turnleft
configparser,turnright
configparser,upright
configparser,violet
configparser,while
configparser,white
configparser,yellow
configparser,apostrophe
configparser,cap
configparser,dup
configparser,ellipsis
configparser,grammar
configparser,hlp_apostrophe
configparser,hlp_cap
configparser,hlp_dup
configparser,hlp_ellipsis
configparser,hlp_grammar
configparser,hlp_mdash
configparser,hlp_metric
configparser,hlp_minus
configparser,hlp_ndash
configparser,hlp_nonmetric
configparser,hlp_numsep
configparser,hlp_pair
configparser,hlp_quotation
configparser,hlp_spaces
configparser,hlp_spaces2
configparser,hlp_spaces3
configparser,hlp_times
configparser,mdash
configparser,metric
configparser,minus
configparser,ndash
configparser,nonmetric
configparser,numsep
configparser,others
configparser,pair
configparser,punctuation
configparser,quotation
configparser,spaces
configparser,spaces2
configparser,spaces3
configparser,spelling
configparser,times
configparser,nlpsolvercommon.properties.agentswitchrate
configparser,nlpsolvercommon.properties.assumenonnegative
configparser,nlpsolvercommon.properties.decr
configparser,nlpsolvercommon.properties.defactormax
configparser,nlpsolvercommon.properties.defactormin
configparser,nlpsolvercommon.properties.enhancedsolverstatus
configparser,nlpsolvercommon.properties.guessvariablerange
configparser,nlpsolvercommon.properties.learningcycles
configparser,nlpsolvercommon.properties.librarysize
configparser,nlpsolvercommon.properties.psc1
configparser,nlpsolvercommon.properties.psc2
configparser,nlpsolvercommon.properties.pscl
configparser,nlpsolvercommon.properties.psweight
configparser,nlpsolvercommon.properties.stagnationlimit
configparser,nlpsolvercommon.properties.swarmsize
configparser,nlpsolvercommon.properties.tolerance
configparser,nlpsolvercommon.properties.useacrcomparator
configparser,nlpsolvercommon.properties.userandomstartingpoint
configparser,nlpsolvercommon.properties.variablerangethreshold
configparser,nlpsolverstatusdialog.controls.btncontinue
configparser,nlpsolverstatusdialog.controls.btnok
configparser,nlpsolverstatusdialog.controls.btnstop
configparser,nlpsolverstatusdialog.controls.lbliteration
configparser,nlpsolverstatusdialog.controls.lblruntime
configparser,nlpsolverstatusdialog.controls.lblsolution
configparser,nlpsolverstatusdialog.controls.lblstagnation
configparser,nlpsolverstatusdialog.dialog.caption
configparser,nlpsolverstatusdialog.message.currentiteration
configparser,nlpsolverstatusdialog.message.stopiteration
configparser,nlpsolverstatusdialog.message.stopstagnation
configparser,nlpsolverstatusdialog.message.stopuser
configparser,nlpsolverstatusdialog.time.day
configparser,nlpsolverstatusdialog.time.days
configparser,nlpsolverstatusdialog.time.hour
configparser,nlpsolverstatusdialog.time.hours
configparser,nlpsolverstatusdialog.time.microseconds
configparser,nlpsolverstatusdialog.time.milliseconds
configparser,nlpsolverstatusdialog.time.minute
configparser,nlpsolverstatusdialog.time.minutes
configparser,nlpsolverstatusdialog.time.nanoseconds
configparser,nlpsolverstatusdialog.time.second
configparser,nlpsolverstatusdialog.time.seconds
configparser,agendadlgbutton1
configparser,agendadlgbutton2
configparser,agendadlgframe
configparser,agendadlgname
configparser,agendadlgnocancel
configparser,backbutton
configparser,beginbutton
configparser,cancelbutton
configparser,closebutton
configparser,converterror1
configparser,converterror2
configparser,correspondencedialog_0
configparser,correspondencedialog_1
configparser,correspondencedialog_2
configparser,correspondencedialog_3
configparser,correspondencefields_0
configparser,correspondencefields_1
configparser,correspondencefields_10
configparser,correspondencefields_11
configparser,correspondencefields_12
configparser,correspondencefields_13
configparser,correspondencefields_14
configparser,correspondencefields_15
configparser,correspondencefields_16
configparser,correspondencefields_17
configparser,correspondencefields_18
configparser,correspondencefields_19
configparser,correspondencefields_2
configparser,correspondencefields_20
configparser,correspondencefields_21
configparser,correspondencefields_22
configparser,correspondencefields_23
configparser,correspondencefields_24
configparser,correspondencefields_25
configparser,correspondencefields_26
configparser,correspondencefields_27
configparser,correspondencefields_28
configparser,correspondencefields_29
configparser,correspondencefields_3
configparser,correspondencefields_30
configparser,correspondencefields_31
configparser,correspondencefields_4
configparser,correspondencefields_5
configparser,correspondencefields_6
configparser,correspondencefields_7
configparser,correspondencefields_8
configparser,correspondencefields_9
configparser,correspondencemsgerror
configparser,correspondencenotextmark_0
configparser,correspondencenotextmark_1
configparser,couldnotopendocument
configparser,couldnotsavedocument
configparser,createlogfile
configparser,currencies_0
configparser,currencies_1
configparser,currencies_10
configparser,currencies_11
configparser,currencies_12
configparser,currencies_13
configparser,currencies_14
configparser,currencies_15
configparser,currencies_16
configparser,currencies_17
configparser,currencies_18
configparser,currencies_2
configparser,currencies_3
configparser,currencies_4
configparser,currencies_5
configparser,currencies_6
configparser,currencies_7
configparser,currencies_8
configparser,currencies_9
configparser,dialogtitle
configparser,fileexists
configparser,groupnamedefault
configparser,helpbutton
configparser,logfilehelptext
configparser,logfilesummary
configparser,messages_0
configparser,messages_1
configparser,messages_10
configparser,messages_11
configparser,messages_12
configparser,messages_13
configparser,messages_14
configparser,messages_15
configparser,messages_16
configparser,messages_17
configparser,messages_18
configparser,messages_19
configparser,messages_2
configparser,messages_20
configparser,messages_21
configparser,messages_22
configparser,messages_23
configparser,messages_24
configparser,messages_3
configparser,messages_4
configparser,messages_5
configparser,messages_6
configparser,messages_7
configparser,messages_8
configparser,messages_9
configparser,morepathserror3
configparser,mscontainername
configparser,msdocumentcheckbox_1_
configparser,msdocumentcheckbox_2_
configparser,msdocumentcheckbox_3_
configparser,msgdirnotthere
configparser,mstemplatecheckbox_1_
configparser,mstemplatecheckbox_2_
configparser,mstemplatecheckbox_3_
configparser,nextbutton
configparser,nodircreation
configparser,overwriteallfiles
configparser,pathdialogmessage
configparser,progressfound
configparser,progressmoredocs
configparser,progressmoretemplates
configparser,progresspage1
configparser,progresspage2
configparser,progresspage3
configparser,progresspage5
configparser,queryfornewcreation
configparser,ready
configparser,reeditmacro
configparser,rid_common_0
configparser,rid_common_1
configparser,rid_common_10
configparser,rid_common_11
configparser,rid_common_12
configparser,rid_common_13
configparser,rid_common_14
configparser,rid_common_15
configparser,rid_common_16
configparser,rid_common_17
configparser,rid_common_18
configparser,rid_common_19
configparser,rid_common_2
configparser,rid_common_20
configparser,rid_common_21
configparser,rid_common_3
configparser,rid_common_4
configparser,rid_common_5
configparser,rid_common_6
configparser,rid_common_7
configparser,rid_common_8
configparser,rid_common_9
configparser,rid_db_common_0
configparser,rid_db_common_1
configparser,rid_db_common_10
configparser,rid_db_common_11
configparser,rid_db_common_12
configparser,rid_db_common_13
configparser,rid_db_common_14
configparser,rid_db_common_2
configparser,rid_db_common_20
configparser,rid_db_common_21
configparser,rid_db_common_3
configparser,rid_db_common_30
configparser,rid_db_common_33
configparser,rid_db_common_34
configparser,rid_db_common_35
configparser,rid_db_common_36
configparser,rid_db_common_37
configparser,rid_db_common_38
configparser,rid_db_common_39
configparser,rid_db_common_4
configparser,rid_db_common_40
configparser,rid_db_common_41
configparser,rid_db_common_42
configparser,rid_db_common_43
configparser,rid_db_common_44
configparser,rid_db_common_45
configparser,rid_db_common_5
configparser,rid_db_common_6
configparser,rid_db_common_8
configparser,rid_db_common_9
configparser,rid_form_0
configparser,rid_form_1
configparser,rid_form_12
configparser,rid_form_13
configparser,rid_form_19
configparser,rid_form_2
configparser,rid_form_20
configparser,rid_form_21
configparser,rid_form_22
configparser,rid_form_23
configparser,rid_form_24
configparser,rid_form_25
configparser,rid_form_26
configparser,rid_form_27
configparser,rid_form_28
configparser,rid_form_29
configparser,rid_form_3
configparser,rid_form_30
configparser,rid_form_31
configparser,rid_form_32
configparser,rid_form_33
configparser,rid_form_34
configparser,rid_form_35
configparser,rid_form_36
configparser,rid_form_37
configparser,rid_form_38
configparser,rid_form_39
configparser,rid_form_4
configparser,rid_form_40
configparser,rid_form_41
configparser,rid_form_42
configparser,rid_form_44
configparser,rid_form_45
configparser,rid_form_46
configparser,rid_form_47
configparser,rid_form_48
configparser,rid_form_49
configparser,rid_form_5
configparser,rid_form_50
configparser,rid_form_51
configparser,rid_form_52
configparser,rid_form_53
configparser,rid_form_55
configparser,rid_form_6
configparser,rid_form_7
configparser,rid_form_8
configparser,rid_form_80
configparser,rid_form_81
configparser,rid_form_82
configparser,rid_form_83
configparser,rid_form_84
configparser,rid_form_85
configparser,rid_form_86
configparser,rid_form_87
configparser,rid_form_88
configparser,rid_form_89
configparser,rid_form_9
configparser,rid_form_90
configparser,rid_form_91
configparser,rid_form_92
configparser,rid_form_93
configparser,rid_form_94
configparser,rid_form_95
configparser,rid_form_96
configparser,rid_form_97
configparser,rid_form_98
configparser,rid_query_0
configparser,rid_query_1
configparser,rid_query_10
configparser,rid_query_11
configparser,rid_query_12
configparser,rid_query_16
configparser,rid_query_17
configparser,rid_query_18
configparser,rid_query_19
configparser,rid_query_2
configparser,rid_query_20
configparser,rid_query_21
configparser,rid_query_22
configparser,rid_query_24
configparser,rid_query_25
configparser,rid_query_26
configparser,rid_query_27
configparser,rid_query_28
configparser,rid_query_29
configparser,rid_query_3
configparser,rid_query_30
configparser,rid_query_31
configparser,rid_query_32
configparser,rid_query_33
configparser,rid_query_34
configparser,rid_query_35
configparser,rid_query_36
configparser,rid_query_37
configparser,rid_query_38
configparser,rid_query_39
configparser,rid_query_4
configparser,rid_query_40
configparser,rid_query_41
configparser,rid_query_42
configparser,rid_query_43
configparser,rid_query_44
configparser,rid_query_48
configparser,rid_query_5
configparser,rid_query_50
configparser,rid_query_51
configparser,rid_query_52
configparser,rid_query_53
configparser,rid_query_54
configparser,rid_query_55
configparser,rid_query_56
configparser,rid_query_57
configparser,rid_query_58
configparser,rid_query_59
configparser,rid_query_6
configparser,rid_query_60
configparser,rid_query_7
configparser,rid_query_70
configparser,rid_query_71
configparser,rid_query_72
configparser,rid_query_73
configparser,rid_query_74
configparser,rid_query_75
configparser,rid_query_76
configparser,rid_query_77
configparser,rid_query_8
configparser,rid_query_80
configparser,rid_query_81
configparser,rid_query_82
configparser,rid_query_83
configparser,rid_query_84
configparser,rid_query_85
configparser,rid_query_86
configparser,rid_query_87
configparser,rid_query_88
configparser,rid_query_89
configparser,rid_query_9
configparser,rid_query_90
configparser,rid_query_91
configparser,rid_query_92
configparser,rid_query_93
configparser,rid_query_94
configparser,rid_query_95
configparser,rid_query_96
configparser,rid_report_0
configparser,rid_report_100
configparser,rid_report_101
configparser,rid_report_102
configparser,rid_report_103
configparser,rid_report_104
configparser,rid_report_105
configparser,rid_report_106
configparser,rid_report_107
configparser,rid_report_108
configparser,rid_report_109
configparser,rid_report_11
configparser,rid_report_110
configparser,rid_report_111
configparser,rid_report_112
configparser,rid_report_113
configparser,rid_report_114
configparser,rid_report_115
configparser,rid_report_116
configparser,rid_report_117
configparser,rid_report_118
configparser,rid_report_119
configparser,rid_report_12
configparser,rid_report_120
configparser,rid_report_121
configparser,rid_report_122
configparser,rid_report_13
configparser,rid_report_14
configparser,rid_report_15
configparser,rid_report_16
configparser,rid_report_19
configparser,rid_report_20
configparser,rid_report_21
configparser,rid_report_22
configparser,rid_report_23
configparser,rid_report_24
configparser,rid_report_28
configparser,rid_report_29
configparser,rid_report_3
configparser,rid_report_30
configparser,rid_report_31
configparser,rid_report_32
configparser,rid_report_33
configparser,rid_report_34
configparser,rid_report_35
configparser,rid_report_36
configparser,rid_report_37
configparser,rid_report_4
configparser,rid_report_40
configparser,rid_report_41
configparser,rid_report_42
configparser,rid_report_43
configparser,rid_report_44
configparser,rid_report_50
configparser,rid_report_51
configparser,rid_report_52
configparser,rid_report_53
configparser,rid_report_54
configparser,rid_report_55
configparser,rid_report_56
configparser,rid_report_57
configparser,rid_report_58
configparser,rid_report_60
configparser,rid_report_61
configparser,rid_report_62
configparser,rid_report_63
configparser,rid_report_64
configparser,rid_report_65
configparser,rid_report_66
configparser,rid_report_67
configparser,rid_report_68
configparser,rid_report_69
configparser,rid_report_7
configparser,rid_report_70
configparser,rid_report_71
configparser,rid_report_72
configparser,rid_report_73
configparser,rid_report_74
configparser,rid_report_75
configparser,rid_report_76
configparser,rid_report_78
configparser,rid_report_79
configparser,rid_report_8
configparser,rid_report_80
configparser,rid_report_81
configparser,rid_report_82
configparser,rid_report_83
configparser,rid_report_84
configparser,rid_report_85
configparser,rid_report_86
configparser,rid_report_87
configparser,rid_report_88
configparser,rid_report_89
configparser,rid_report_9
configparser,rid_report_90
configparser,rid_report_91
configparser,rid_report_92
configparser,rid_report_93
configparser,rid_report_94
configparser,rid_report_95
configparser,rid_report_96
configparser,rid_report_97
configparser,rid_report_98
configparser,rid_report_99
configparser,rid_table_1
configparser,rid_table_10
configparser,rid_table_11
configparser,rid_table_14
configparser,rid_table_15
configparser,rid_table_16
configparser,rid_table_17
configparser,rid_table_18
configparser,rid_table_19
configparser,rid_table_2
configparser,rid_table_20
configparser,rid_table_21
configparser,rid_table_22
configparser,rid_table_23
configparser,rid_table_24
configparser,rid_table_25
configparser,rid_table_26
configparser,rid_table_27
configparser,rid_table_28
configparser,rid_table_29
configparser,rid_table_3
configparser,rid_table_30
configparser,rid_table_31
configparser,rid_table_32
configparser,rid_table_33
configparser,rid_table_34
configparser,rid_table_35
configparser,rid_table_36
configparser,rid_table_37
configparser,rid_table_38
configparser,rid_table_39
configparser,rid_table_4
configparser,rid_table_40
configparser,rid_table_41
configparser,rid_table_42
configparser,rid_table_43
configparser,rid_table_44
configparser,rid_table_45
configparser,rid_table_46
configparser,rid_table_47
configparser,rid_table_48
configparser,rid_table_49
configparser,rid_table_5
configparser,rid_table_50
configparser,rid_table_51
configparser,rid_table_8
configparser,rid_table_9
configparser,rterrordesc
configparser,rterrorheader
configparser,searchinsubdir
configparser,showlogfile
configparser,sourcedocuments
configparser,statusline_0
configparser,statusline_1
configparser,statusline_2
configparser,statusline_3
configparser,statusline_4
configparser,statusline_5
configparser,step_autopilot_0
configparser,step_autopilot_1
configparser,step_autopilot_10
configparser,step_autopilot_2
configparser,step_autopilot_3
configparser,step_autopilot_4
configparser,step_autopilot_5
configparser,step_autopilot_6
configparser,step_autopilot_7
configparser,step_converter_0
configparser,step_converter_1
configparser,step_converter_2
configparser,step_converter_3
configparser,step_converter_4
configparser,step_converter_5
configparser,step_converter_6
configparser,step_converter_7
configparser,step_converter_8
configparser,step_converter_9
configparser,step_lastpage_0
configparser,step_lastpage_1
configparser,step_lastpage_2
configparser,step_lastpage_3
configparser,step_lastpage_4
configparser,step_zero_0
configparser,step_zero_1
configparser,step_zero_2
configparser,step_zero_3
configparser,step_zero_4
configparser,step_zero_5
configparser,step_zero_6
configparser,step_zero_7
configparser,step_zero_8
configparser,stylename_0
configparser,stylename_1
configparser,stylename_10
configparser,stylename_11
configparser,stylename_12
configparser,stylename_13
configparser,stylename_14
configparser,stylename_15
configparser,stylename_16
configparser,stylename_17
configparser,stylename_2
configparser,stylename_3
configparser,stylename_4
configparser,stylename_5
configparser,stylename_6
configparser,stylename_7
configparser,stylename_8
configparser,stylename_9
configparser,styles_0
configparser,styles_1
configparser,styles_2
configparser,styles_3
configparser,suminclusivesubdir
configparser,summaryheader
configparser,summsdrawdocuments
configparser,summsdrawtemplates
configparser,summstabledocuments
configparser,summstabletemplates
configparser,summstextdocuments
configparser,summstexttemplates
configparser,sumsavedokumente
configparser,targetdocuments
configparser,textexportlabel
configparser,textfield
configparser,textimportlabel
configparser,welcometextlabel1
configparser,welcometextlabel3
configparser,Activate.java
configparser,Activate.registry
configparser,Activate.xml
configparser,Environment.path
configparser,FileWrite1.file
configparser,FileWrite1.key
configparser,FileWrite1.section
configparser,FileWrite1.type
configparser,FileWrite10.file
configparser,FileWrite10.find
configparser,FileWrite10.replace
configparser,FileWrite10.type
configparser,FileWrite11.file
configparser,FileWrite11.key
configparser,FileWrite11.section
configparser,FileWrite11.type
configparser,FileWrite11.value
configparser,FileWrite12.file
configparser,FileWrite12.key
configparser,FileWrite12.section
configparser,FileWrite12.type
configparser,FileWrite12.value
configparser,FileWrite13.file
configparser,FileWrite13.key
configparser,FileWrite13.section
configparser,FileWrite13.type
configparser,FileWrite13.value
configparser,FileWrite14.file
configparser,FileWrite14.key
configparser,FileWrite14.section
configparser,FileWrite14.type
configparser,FileWrite14.value
configparser,FileWrite2.file
configparser,FileWrite2.key
configparser,FileWrite2.section
configparser,FileWrite2.type
configparser,FileWrite2.value
configparser,FileWrite3.file
configparser,FileWrite3.find
configparser,FileWrite3.replace
configparser,FileWrite3.type
configparser,FileWrite4.file
configparser,FileWrite4.find
configparser,FileWrite4.replace
configparser,FileWrite4.type
configparser,FileWrite5.file
configparser,FileWrite5.type
configparser,FileWrite5.value
configparser,FileWrite5.xpath
configparser,FileWrite6.file
configparser,FileWrite6.type
configparser,FileWrite6.value
configparser,FileWrite6.xpath
configparser,FileWrite7.file
configparser,FileWrite7.find
configparser,FileWrite7.replace
configparser,FileWrite7.type
configparser,FileWrite8.file
configparser,FileWrite8.find
configparser,FileWrite8.replace
configparser,FileWrite8.type
configparser,FileWrite9.file
configparser,FileWrite9.find
configparser,FileWrite9.replace
configparser,FileWrite9.type
configparser,Launch.directorymoveok
configparser,Launch.minos
configparser,Launch.programexecutable
configparser,Launch.supportsunc
configparser,DirectoriesToPreserve.preservedirectory1
configparser,DirectoriesToPreserve.preservedirectory2
configparser,Languages.arabic
configparser,Languages.english
configparser,Languages.englishgb
configparser,Languages.french
configparser,Languages.german
configparser,Languages.italian
configparser,Languages.japanese
configparser,Languages.korean
configparser,Languages.portuguese
configparser,Languages.portuguesebr
configparser,Languages.russian
configparser,Languages.simpchinese
configparser,Languages.spanish
configparser,Languages.spanishinternational
configparser,Languages.tradchinese
configparser,OptionalComponents.mainsectiondescription
configparser,OptionalComponents.mainsectiontitle
configparser,OptionalComponents.optionalcomponents
configparser,OptionalComponents.optionalfile1
configparser,OptionalComponents.optionalsectiondescription
configparser,OptionalComponents.optionalsectioninstalledwhensilent
configparser,OptionalComponents.optionalsectionnotselectedinstalltype
configparser,OptionalComponents.optionalsectionpreselectedifnonenglishinstall
configparser,OptionalComponents.optionalsectionselectedinstalltype
configparser,OptionalComponents.optionalsectiontitle
configparser,PortableApps.comInstaller.info1
configparser,PortableApps.comInstaller.info2
configparser,PortableApps.comInstaller.info3
configparser,PortableApps.comInstaller.installdate
configparser,PortableApps.comInstaller.installerversion
configparser,PortableApps.comInstaller.installtime
configparser,PortableApps.comInstaller.packagingdate
configparser,PortableApps.comInstaller.packagingtime
configparser,PortableApps.comInstaller.run
configparser,PortableApps.comInstaller.wizardversion
configparser,data
configparser,schema
configparser,Bootstrap.startlang
configparser,aha
configparser,composto
configparser,gerund
configparser,hlp_aha
configparser,hlp_composto
configparser,hlp_gerund
configparser,hlp_malmau
configparser,hlp_meiameio
configparser,hlp_paronimo
configparser,hlp_porque
configparser,hlp_pronome
configparser,hlp_pronominal
configparser,hlp_verbo
configparser,malmau
configparser,meiameio
configparser,paronimo
configparser,porque
configparser,pronome
configparser,pronominal
configparser,verbo
configparser,abbreviation
configparser,comma
configparser,common
configparser,hyphen
configparser,multiword
configparser,proofreading
configparser,space
configparser,together
configparser,typographica
configparser,hlp_abbreviation
configparser,hlp_comma
configparser,hlp_common
configparser,hlp_hyphen
configparser,hlp_multiword
configparser,hlp_space
configparser,hlp_together
configparser,hlp_typographica
configparser,nlpsolvercommon.properties.usestrongerprng
configparser,currencies_19
configparser,JavaPortable.url
configparser,JavaPortable.vendor
configparser,JavaPortable.version
configparser,additional_layers
configparser,layers.title
configparser,layers_label
configparser,toggle_sidebar_notification2.title
configparser,loading
configparser,page_landmark
configparser,bookmark1.title
configparser,bookmark1_label
configparser,current_outline_item.title
configparser,current_outline_item_label
configparser,editor_free_text2.title
configparser,editor_free_text2_aria_label
configparser,editor_free_text2_label
configparser,editor_free_text_color
configparser,editor_free_text_size
configparser,editor_ink2.title
configparser,editor_ink2_aria_label
configparser,editor_ink2_label
configparser,editor_ink_canvas_aria_label
configparser,editor_ink_color
configparser,editor_ink_opacity
configparser,editor_ink_thickness
configparser,editor_stamp.title
configparser,editor_stamp_label
configparser,find_match_diacritics_label
configparser,free_text2_default_content
configparser,open_in_app.title
configparser,open_in_app_label
configparser,save.title
configparser,save_label
configparser,scroll_page.title
configparser,scroll_page_label
configparser,download_button.title
configparser,download_button_label
configparser,unsupported_feature_signatures
configparser,backup.schedule
configparser,jdbc.driver
configparser,jdbc.login
configparser,jdbc.url
configparser,mail.password
configparser,mail.to
configparser,mail.username
configparser,quotes.link
configparser,quotes.schedule
configparser,url
configparser,/day
configparser,/hour
configparser,/month
configparser,/year
configparser,addexpense
configparser,addincome
configparser,after12month
configparser,atthemoment
configparser,auth.failed
configparser,auth_failed
configparser,back
configparser,backup.c12n
configparser,backup.data
configparser,backup.deposit
configparser,backup.howdy
configparser,backup.interest
configparser,backup.money
configparser,backup.notes
configparser,backup.off
configparser,backup.on
configparser,backup.ready
configparser,backup.subject
configparser,bademail
configparser,badpassword
configparser,badusername
configparser,capitaliztion
configparser,chooseanyposition
configparser,chooseicon
configparser,chooselogin
configparser,demo
configparser,doll
configparser,email
configparser,emailexists
configparser,empty
configparser,error.3_times
configparser,error.cookies
configparser,error.empty_p
configparser,error.empty_u
configparser,error.in_use
configparser,error.mail
configparser,error.short_p
configparser,error.short_u
configparser,error.u_p
configparser,error.username
configparser,error_3_times
configparser,error_cookies
configparser,error_empty_p
configparser,error_empty_u
configparser,error_in_use
configparser,error_mail
configparser,error_short_p
configparser,error_short_u
configparser,error_u_p
configparser,error_username
configparser,euro
configparser,exit
configparser,getin
configparser,inc-exp
configparser,info1
configparser,info10
configparser,info2
configparser,info3
configparser,info4
configparser,info5
configparser,info6
configparser,info7
configparser,info8
configparser,info9
configparser,interest
configparser,language
configparser,leftcorner
configparser,login
configparser,mail.14
configparser,mail.1title
configparser,mail.2title
configparser,mail.30
configparser,mail.3title
configparser,mail.60
configparser,mail.7
configparser,mail.90
configparser,mail.change
configparser,mail.getin
configparser,mail.hello
configparser,mail.options
configparser,mail.subject
configparser,mail.subscribed
configparser,mail.time
configparser,mail.unsubscribe
configparser,mail.unsubscribed
configparser,mail_14
configparser,mail_1title
configparser,mail_2title
configparser,mail_30
configparser,mail_3title
configparser,mail_60
configparser,mail_7
configparser,mail_90
configparser,mail_change
configparser,mail_getin
configparser,mail_hello
configparser,mail_options
configparser,mail_subject
configparser,mail_subscribed
configparser,mail_time
configparser,mail_unsubscribe
configparser,mail_unsubscribed
configparser,mysparemoney
configparser,notes
configparser,now
configparser,orlogin
configparser,orsignup
configparser,password
configparser,perday
configparser,perhour
configparser,permonth
configparser,perquarter
configparser,peryear
configparser,reg.failed
configparser,reg_failed
configparser,register
configparser,remind
configparser,remind.text
configparser,remove
configparser,rightcorner
configparser,rub
configparser,save
configparser,savings
configparser,savingsondeposit
configparser,savingspart
configparser,sprites
configparser,sprites@2x
configparser,step.skip
configparser,success
configparser,title
configparser,usernameexists
configparser,userpic
configparser,value
configparser,derby.servicelocale
configparser,derby.serviceprotocol
configparser,derby.storage.propertiesid
configparser,syscolumnsidentifier
configparser,syscolumnsindex1identifier
configparser,syscolumnsindex2identifier
configparser,sysconglomeratesidentifier
configparser,sysconglomeratesindex1identifier
configparser,sysconglomeratesindex2identifier
configparser,sysconglomeratesindex3identifier
configparser,sysschemasidentifier
configparser,sysschemasindex1identifier
configparser,sysschemasindex2identifier
configparser,systablesidentifier
configparser,systablesindex1identifier
configparser,systablesindex2identifier
configparser,term
configparser,mainmodule
configparser,appid
configparser,jdkversion
configparser,ctrip.appid
configparser,logging.file
configparser,logging.file.name
configparser,server.port
configparser,spring.application.name
configparser,spring.jmx.default-domain
configparser,eureka.client.enabled
configparser,spring.cloud.consul.discovery.enabled
configparser,spring.cloud.consul.discovery.heartbeat.enabled
configparser,spring.cloud.consul.discovery.instance-id
configparser,spring.cloud.consul.enabled
configparser,spring.cloud.consul.service-registry.enabled
configparser,spring.cloud.discovery.enabled
configparser,apollo.service.registry.cluster
configparser,apollo.service.registry.enabled
configparser,apollo.service.registry.heartbeat-interval-in-second
configparser,apollo.service.registry.heartbeatintervalinsecond
configparser,spring.datasource.hikari.connection-init-sql
configparser,nacos.discovery.auto-register
configparser,nacos.discovery.register.enabled
configparser,nacos.discovery.register.service-name
configparser,spring.cloud.zookeeper.discovery.enabled
configparser,spring.cloud.zookeeper.discovery.instance-id
configparser,spring.cloud.zookeeper.discovery.register
configparser,spring.cloud.zookeeper.enabled
configparser,apollo.eureka.server.enabled
configparser,apollo.service.discovery.enabled
configparser,apollo.service.discovery.health-check-interval-in-second
configparser,apollo.service.discovery.healthcheckintervalinsecond
configparser,apollo.portal.envs
configparser,spring.config-datasource.url
configparser,spring.h2.console.enabled
configparser,spring.h2.console.settings.web-allow-others
configparser,spring.jmx.unique-names
configparser,spring.jpa.hibernate.ddl-auto
configparser,spring.jpa.hibernate.naming.physical-strategy
configparser,spring.jpa.properties.hibernate.metadata_builder_contributor
configparser,spring.jpa.properties.hibernate.show_sql
configparser,spring.portal-datasource.url
configparser,spring.session.store-type
configparser,spring.sql.config-init.mode
configparser,spring.sql.config-init.schema-locations
configparser,spring.sql.portal-init.mode
configparser,spring.sql.portal-init.schema-locations
configparser,fat.titan.dbname
configparser,fat.titan.url
configparser,pro.titan.dbname
configparser,pro.titan.url
configparser,uat.titan.dbname
configparser,uat.titan.url
configparser,env
configparser,version
configparser,dev.meta
configparser,fat.meta
configparser,fws.meta
configparser,local.meta
configparser,lpt.meta
configparser,pro.meta
configparser,tools.meta
configparser,uat.meta
configparser,apollo.label
configparser,apollo.portal.env
configparser,server.context_parameters.appid
configparser,flyway.locations
configparser,flyway.password
configparser,flyway.schemas
configparser,flyway.url
configparser,flyway.user
